dataset,baseline,metric,mean,sample_sd,seed_ids_json,seed_values_json
unsw,DecisionTree,accuracy,0.7296227469,0.0026769195,"[42, 123, 456, 789, 1001, 2024, 31415, 65537, 77777, 99991]","[0.7247485789243551, 0.7324005247048535, 0.7274571248117379, 0.7322426274109702, 0.7303478598843706, 0.7305300490696206, 0.7323276490307535, 0.7295097896322208, 0.730505757178254, 0.7261575086236214]"
unsw,DecisionTree,balanced_accuracy,0.5177163016,0.0061085938,"[42, 123, 456, 789, 1001, 2024, 31415, 65537, 77777, 99991]","[0.5177993907515334, 0.5134243107277227, 0.5118878433488641, 0.5076717818850994, 0.5182683811797918, 0.5238548153472188, 0.5288545435835006, 0.5209924184425363, 0.5150553446751143, 0.5193541861758882]"
unsw,DecisionTree,macro_precision,0.4972136743,0.0094713826,"[42, 123, 456, 789, 1001, 2024, 31415, 65537, 77777, 99991]","[0.4909477520181958, 0.4928638192007395, 0.5130365136381088, 0.48979676001736944, 0.5031917391288631, 0.48992842482170695, 0.5040219814021895, 0.4971003380437976, 0.5079450213728048, 0.4833043933800859]"
unsw,DecisionTree,macro_recall,0.5177163016,0.0061085938,"[42, 123, 456, 789, 1001, 2024, 31415, 65537, 77777, 99991]","[0.5177993907515334, 0.5134243107277227, 0.5118878433488641, 0.5076717818850994, 0.5182683811797918, 0.5238548153472188, 0.5288545435835006, 0.5209924184425363, 0.5150553446751143, 0.5193541861758882]"
unsw,DecisionTree,macro_f1,0.4938804621,0.0057405019,"[42, 123, 456, 789, 1001, 2024, 31415, 65537, 77777, 99991]","[0.4913029829646007, 0.48989804208212356, 0.49913078236083763, 0.48581554072654426, 0.49865919539612047, 0.49406220039984294, 0.5043410508688291, 0.49309626142432694, 0.49541545221442285, 0.4870831121918364]"
unsw,DecisionTree,weighted_f1,0.7609520567,0.0018505391,"[42, 123, 456, 789, 1001, 2024, 31415, 65537, 77777, 99991]","[0.7574987401540475, 0.7630986137847259, 0.759397017382074, 0.7623808566125324, 0.7613038379774465, 0.7608265337744581, 0.7629637694371225, 0.762130198795919, 0.7610298104866526, 0.7588911887595565]"
unsw,DecisionTree,mcc,0.6503591603,0.0031718525,"[42, 123, 456, 789, 1001, 2024, 31415, 65537, 77777, 99991]","[0.6444003920177812, 0.6538781018793143, 0.6478399370862847, 0.6530510860658063, 0.6515359278794222, 0.6509727667812456, 0.653350853416925, 0.6511262515293794, 0.6512058318095175, 0.6462304546824676]"
unsw,DecisionTree,log_loss,7.4528075178,0.0925269367,"[42, 123, 456, 789, 1001, 2024, 31415, 65537, 77777, 99991]","[7.620999934075337, 7.415061799101621, 7.378557502663484, 7.374989064770105, 7.453826247552881, 7.461454840598244, 7.414472695554828, 7.34749397832208, 7.4563590609189205, 7.604860054341367]"
unsw,DecisionTree,macro_roc_auc_ovr,0.8363012552,0.0034090610,"[42, 123, 456, 789, 1001, 2024, 31415, 65537, 77777, 99991]","[0.8368611241950763, 0.8354901424003065, 0.8336370516934041, 0.8306612902792503, 0.8371837864744162, 0.8365623768059626, 0.8384903992750445, 0.843708866906228, 0.8342554692160078, 0.8361620450015035]"
unsw,DecisionTree,macro_pr_auc_ovr,0.4223666409,0.0050398066,"[42, 123, 456, 789, 1001, 2024, 31415, 65537, 77777, 99991]","[0.42106997267698165, 0.41795592165108053, 0.4274116965229807, 0.4126944254156066, 0.4275810338220979, 0.4206781088599147, 0.42799967880847933, 0.42189183285649967, 0.42673426434109085, 0.41964947395973917]"
unsw,DecisionTree,attack_pr_auc,0.8332870996,0.0015270617,"[42, 123, 456, 789, 1001, 2024, 31415, 65537, 77777, 99991]","[0.831373064792749, 0.8341159524643548, 0.8356208666934238, 0.8347075800389377, 0.830444920515358, 0.8332021395610965, 0.8325819314794293, 0.8332330682029886, 0.8336090620161981, 0.8339824099925028]"
unsw,DecisionTree,default_attack_recall,0.9686799612,0.0023439578,"[42, 123, 456, 789, 1001, 2024, 31415, 65537, 77777, 99991]","[0.9678372893320392, 0.9696682255360451, 0.9714550427953763, 0.9665578399364687, 0.9681020030000882, 0.9662710667960822, 0.9671313862172417, 0.972955086914321, 0.9663372452130945, 0.9704844260125298]"
unsw,DecisionTree,false_alerts_per_10000_benign,2642.9729729730,25.0343486135,"[42, 123, 456, 789, 1001, 2024, 31415, 65537, 77777, 99991]","[2690.2702702702704, 2611.891891891892, 2652.4324324324325, 2614.5945945945946, 2664.864864864865, 2634.324324324324, 2615.675675675676, 2657.027027027027, 2639.7297297297296, 2648.9189189189187]"
unsw,DecisionTree,attack_recall_at_validation_1pct_fpr,0.0000000000,0.0000000000,"[42, 123, 456, 789, 1001, 2024, 31415, 65537, 77777, 99991]","[0.0, 0.0, 0.0, 0.0, 0.0, 0.0, 0.0, 0.0, 0.0, 0.0]"
unsw,DecisionTree,attack_precision_at_validation_1pct_fpr,0.0000000000,0.0000000000,"[42, 123, 456, 789, 1001, 2024, 31415, 65537, 77777, 99991]","[0.0, 0.0, 0.0, 0.0, 0.0, 0.0, 0.0, 0.0, 0.0, 0.0]"
unsw,DecisionTree,test_fpr_at_validation_1pct_fpr,0.0000000000,0.0000000000,"[42, 123, 456, 789, 1001, 2024, 31415, 65537, 77777, 99991]","[0.0, 0.0, 0.0, 0.0, 0.0, 0.0, 0.0, 0.0, 0.0, 0.0]"
unsw,DecisionTree,threshold_false_alerts_per_10000_benign,0.0000000000,0.0000000000,"[42, 123, 456, 789, 1001, 2024, 31415, 65537, 77777, 99991]","[0.0, 0.0, 0.0, 0.0, 0.0, 0.0, 0.0, 0.0, 0.0, 0.0]"
unsw,RandomForest,accuracy,0.7554826799,0.0008548154,"[42, 123, 456, 789, 1001, 2024, 31415, 65537, 77777, 99991]","[0.754991983675849, 0.7557936160909489, 0.7554535296118156, 0.7560486809502988, 0.7567652917456154, 0.7544939999028324, 0.7559879512218821, 0.7554413836661322, 0.7538259728902492, 0.7560243890589321]"
unsw,RandomForest,balanced_accuracy,0.4836552208,0.0038118541,"[42, 123, 456, 789, 1001, 2024, 31415, 65537, 77777, 99991]","[0.481378562867004, 0.4809632037340569, 0.48485061719945105, 0.4866671518577098, 0.48872775485499387, 0.4883501306897634, 0.48496939167999376, 0.4836999555035522, 0.4769523923100049, 0.47999304701892875]"
unsw,RandomForest,macro_precision,0.5342328639,0.0110490391,"[42, 123, 456, 789, 1001, 2024, 31415, 65537, 77777, 99991]","[0.5381446482639968, 0.5169114112018766, 0.5379374893178241, 0.5408111221373777, 0.542305601101083, 0.5418146509993198, 0.5356311376026388, 0.5478689863631916, 0.5162084704291178, 0.5246951212498673]"
unsw,RandomForest,macro_recall,0.4836552208,0.0038118541,"[42, 123, 456, 789, 1001, 2024, 31415, 65537, 77777, 99991]","[0.481378562867004, 0.4809632037340569, 0.48485061719945105, 0.4866671518577098, 0.48872775485499387, 0.4883501306897634, 0.48496939167999376, 0.4836999555035522, 0.4769523923100049, 0.47999304701892875]"
unsw,RandomForest,macro_f1,0.4597014462,0.0061711576,"[42, 123, 456, 789, 1001, 2024, 31415, 65537, 77777, 99991]","[0.455136643477928, 0.4544537237523724, 0.4611607949276876, 0.4668172228960786, 0.46755636708583204, 0.4648907218463906, 0.46245947592277964, 0.46017661886587896, 0.4481785091519515, 0.4561843845289812]"
unsw,RandomForest,weighted_f1,0.7760464879,0.0008528267,"[42, 123, 456, 789, 1001, 2024, 31415, 65537, 77777, 99991]","[0.7758860697977423, 0.7764919825905671, 0.7765447241435975, 0.7762192658006545, 0.7774535548538836, 0.7756320130094626, 0.7759369037554663, 0.7756921594445964, 0.7741525660527485, 0.7764556394696336]"
unsw,RandomForest,mcc,0.6843677480,0.0009544124,"[42, 123, 456, 789, 1001, 2024, 31415, 65537, 77777, 99991]","[0.6838782767671416, 0.6845188990371802, 0.6846753473927102, 0.6847476658172954, 0.6860652835734475, 0.683643333569104, 0.6848142462900523, 0.6842600861591797, 0.6823753463228195, 0.6846989952878416]"
unsw,RandomForest,log_loss,0.8607861615,0.0285470317,"[42, 123, 456, 789, 1001, 2024, 31415, 65537, 77777, 99991]","[0.8774196093215201, 0.7866279004378317, 0.8764673646178562, 0.85184133021074, 0.8719646476953598, 0.8780325930910835, 0.8661132760787634, 0.8500097911367706, 0.8864969180901462, 0.8628881843453945]"
unsw,RandomForest,macro_roc_auc_ovr,0.9457785262,0.0007592431,"[42, 123, 456, 789, 1001, 2024, 31415, 65537, 77777, 99991]","[0.9445087514744351, 0.9454357531398729, 0.9460475395351908, 0.9457109726948028, 0.9454350097121725, 0.9468786489737877, 0.9456767214128423, 0.9466858875421295, 0.9449258321602482, 0.9464801449698129]"
unsw,RandomForest,macro_pr_auc_ovr,0.5280432962,0.0021881909,"[42, 123, 456, 789, 1001, 2024, 31415, 65537, 77777, 99991]","[0.5272361956856907, 0.5276614714800922, 0.5289834771071933, 0.5276827118186882, 0.532529927346498, 0.5304714783915792, 0.5275498155732603, 0.5273223608886536, 0.5246220449437646, 0.5263734783004498]"
unsw,RandomForest,attack_pr_auc,0.9841083471,0.0002892988,"[42, 123, 456, 789, 1001, 2024, 31415, 65537, 77777, 99991]","[0.9839938014913354, 0.9840716998126117, 0.9841444530039951, 0.9843941355306268, 0.9835691823885373, 0.9840739363781906, 0.9843138429370322, 0.9844873226584232, 0.9843017832931165, 0.9837333134019901]"
unsw,RandomForest,default_attack_recall,0.9762287126,0.0005631962,"[42, 123, 456, 789, 1001, 2024, 31415, 65537, 77777, 99991]","[0.9761757698755846, 0.9755581046501368, 0.9769257919350569, 0.9760213535692226, 0.9770140298244065, 0.9769257919350569, 0.9760654725138974, 0.9757566399011736, 0.9763301861819466, 0.9755139857054619]"
unsw,RandomForest,false_alerts_per_10000_benign,2416.4324324324,16.5666832992,"[42, 123, 456, 789, 1001, 2024, 31415, 65537, 77777, 99991]","[2417.5675675675675, 2405.675675675676, 2429.189189189189, 2404.5945945945946, 2400.810810810811, 2441.3513513513512, 2404.864864864865, 2421.891891891892, 2441.6216216216217, 2396.7567567567567]"
unsw,RandomForest,attack_recall_at_validation_1pct_fpr,0.8820877085,0.0082470229,"[42, 123, 456, 789, 1001, 2024, 31415, 65537, 77777, 99991]","[0.8748786729021442, 0.892085061325333, 0.8642680667078444, 0.8865260742963028, 0.8785405453101561, 0.8847613165093091, 0.8824450719138798, 0.8922174181593576, 0.882665666637254, 0.8824891908585547]"
unsw,RandomForest,attack_precision_at_validation_1pct_fpr,0.9632080528,0.0041694488,"[42, 123, 456, 789, 1001, 2024, 31415, 65537, 77777, 99991]","[0.9677891654465594, 0.9571824185187815, 0.9717736934791775, 0.9615734315930516, 0.9647303909694298, 0.9628847169539541, 0.9620731120731121, 0.9602792089080937, 0.9638203059135252, 0.9599740839392412]"
unsw,RandomForest,test_fpr_at_validation_1pct_fpr,0.0413378378,0.0051721167,"[42, 123, 456, 789, 1001, 2024, 31415, 65537, 77777, 99991]","[0.03567567567567568, 0.048891891891891893, 0.030756756756756758, 0.043405405405405405, 0.03935135135135135, 0.041783783783783786, 0.04262162162162162, 0.045216216216216215, 0.040594594594594594, 0.04508108108108108]"
unsw,RandomForest,threshold_false_alerts_per_10000_benign,413.3783783784,51.7211671677,"[42, 123, 456, 789, 1001, 2024, 31415, 65537, 77777, 99991]","[356.7567567567568, 488.9189189189189, 307.56756756756755, 434.05405405405406, 393.5135135135135, 417.8378378378378, 426.2162162162162, 452.1621621621622, 405.94594594594594, 450.81081081081084]"
unsw,ExtraTrees,accuracy,0.7524024681,0.0008248678,"[42, 123, 456, 789, 1001, 2024, 31415, 65537, 77777, 99991]","[0.7530486323665161, 0.7519190594179663, 0.7514696594276831, 0.7525627945391828, 0.7530364864208328, 0.751724724287033, 0.7531700918233494, 0.7525506485934995, 0.7510324053830831, 0.7535101783024827]"
unsw,ExtraTrees,balanced_accuracy,0.4745616579,0.0014694789,"[42, 123, 456, 789, 1001, 2024, 31415, 65537, 77777, 99991]","[0.47315206223818357, 0.47531209882227554, 0.4740770508620201, 0.4730219447217715, 0.4749404116214865, 0.47422878030884635, 0.47423057289245946, 0.4761049561928222, 0.47298119533210137, 0.47756750572883166]"
unsw,ExtraTrees,macro_precision,0.5388277094,0.0061541892,"[42, 123, 456, 789, 1001, 2024, 31415, 65537, 77777, 99991]","[0.5429018496603184, 0.5336593290476537, 0.5505321337437671, 0.5324377298909755, 0.5428703517386716, 0.5351991797408935, 0.5332740011609445, 0.5414545976796381, 0.5430246571492822, 0.5329232642535809]"
unsw,ExtraTrees,macro_recall,0.4745616579,0.0014694789,"[42, 123, 456, 789, 1001, 2024, 31415, 65537, 77777, 99991]","[0.47315206223818357, 0.47531209882227554, 0.4740770508620201, 0.4730219447217715, 0.4749404116214865, 0.47422878030884635, 0.47423057289245946, 0.4761049561928222, 0.47298119533210137, 0.47756750572883166]"
unsw,ExtraTrees,macro_f1,0.4654558370,0.0014369674,"[42, 123, 456, 789, 1001, 2024, 31415, 65537, 77777, 99991]","[0.46515603240931835, 0.46625144242141303, 0.46448003718810976, 0.463206785259056, 0.4662919977525835, 0.4638049316225198, 0.46684798274228206, 0.46730151005345666, 0.46437704877252833, 0.4668406015304193]"
unsw,ExtraTrees,weighted_f1,0.7718121835,0.0006252109,"[42, 123, 456, 789, 1001, 2024, 31415, 65537, 77777, 99991]","[0.7720179230961467, 0.7716924053432793, 0.7713313631040181, 0.7722377514055541, 0.7719860935911399, 0.7714089967372215, 0.7723283497416883, 0.7717290830485949, 0.7705645818251663, 0.7728252870957137]"
unsw,ExtraTrees,mcc,0.6794383106,0.0009047850,"[42, 123, 456, 789, 1001, 2024, 31415, 65537, 77777, 99991]","[0.6801451996762676, 0.6786957819963517, 0.6784389418167801, 0.6794322181519736, 0.6802034845111677, 0.6788558739253815, 0.68008885760947, 0.6796648082484643, 0.6780292383610002, 0.6808287015369652]"
unsw,ExtraTrees,log_loss,2.2991628272,0.0220757033,"[42, 123, 456, 789, 1001, 2024, 31415, 65537, 77777, 99991]","[2.347970287506858, 2.3009402685591045, 2.312181373187512, 2.2732711116116056, 2.2867534268674223, 2.3016782184702436, 2.3044333554908927, 2.2686543540344735, 2.2934771621627044, 2.302268713715794]"
unsw,ExtraTrees,macro_roc_auc_ovr,0.9046531377,0.0013106518,"[42, 123, 456, 789, 1001, 2024, 31415, 65537, 77777, 99991]","[0.9029951596501995, 0.9054426352785038, 0.9052782139757184, 0.9061179036960093, 0.906202097886637, 0.9035026527506289, 0.9032264094450865, 0.9055497292795602, 0.9052027665889897, 0.9030138083704113]"
unsw,ExtraTrees,macro_pr_auc_ovr,0.5025721910,0.0019234065,"[42, 123, 456, 789, 1001, 2024, 31415, 65537, 77777, 99991]","[0.49963127825359266, 0.5025308226819665, 0.5053116048688902, 0.5032418239389773, 0.5041180625005655, 0.502803829964781, 0.502878238552032, 0.5042943127942506, 0.5015124760255703, 0.499399460420819]"
unsw,ExtraTrees,attack_pr_auc,0.9735378677,0.0006419576,"[42, 123, 456, 789, 1001, 2024, 31415, 65537, 77777, 99991]","[0.9730194377753503, 0.973506836077707, 0.9743581084441308, 0.9737860897942833, 0.9727255595066113, 0.9732009540915553, 0.9733693835611772, 0.9748175690314691, 0.9735710371159634, 0.9730237018341599]"
unsw,ExtraTrees,default_attack_recall,0.9717594635,0.0005269501,"[42, 123, 456, 789, 1001, 2024, 31415, 65537, 77777, 99991]","[0.9719844701314745, 0.9707932586252537, 0.9716315185740757, 0.9712123885996647, 0.9720506485484868, 0.9724477190505603, 0.9713226859613519, 0.971697696991088, 0.9721609459101739, 0.9722933027441983]"
unsw,ExtraTrees,false_alerts_per_10000_benign,2451.2702702703,16.0916385966,"[42, 123, 456, 789, 1001, 2024, 31415, 65537, 77777, 99991]","[2430.5405405405404, 2454.5945945945946, 2471.3513513513512, 2439.4594594594596, 2446.7567567567567, 2464.054054054054, 2432.4324324324325, 2454.864864864865, 2477.5675675675675, 2441.0810810810813]"
unsw,ExtraTrees,attack_recall_at_validation_1pct_fpr,0.8807067855,0.0042948080,"[42, 123, 456, 789, 1001, 2024, 31415, 65537, 77777, 99991]","[0.8765331333274508, 0.8833936292243889, 0.8765331333274508, 0.8829083208329657, 0.8785626047824936, 0.8773934527486102, 0.886217241683579, 0.8886217241683579, 0.8788714373952176, 0.8780331774463955]"
unsw,ExtraTrees,attack_precision_at_validation_1pct_fpr,0.9625019123,0.0030461436,"[42, 123, 456, 789, 1001, 2024, 31415, 65537, 77777, 99991]","[0.965590143617409, 0.9599904111230972, 0.967588759557785, 0.9606144245769831, 0.9615867497223429, 0.964919941775837, 0.9588753371363105, 0.9586169149493122, 0.9642528679994191, 0.9629835724481649]"
unsw,ExtraTrees,test_fpr_at_validation_1pct_fpr,0.0420621622,0.0037345369,"[42, 123, 456, 789, 1001, 2024, 31415, 65537, 77777, 99991]","[0.038270270270270274, 0.04510810810810811, 0.03597297297297297, 0.04435135135135135, 0.043, 0.03908108108108108, 0.04656756756756757, 0.047, 0.03991891891891892, 0.04135135135135135]"
unsw,ExtraTrees,threshold_false_alerts_per_10000_benign,420.6216216216,37.3453687686,"[42, 123, 456, 789, 1001, 2024, 31415, 65537, 77777, 99991]","[382.7027027027027, 451.0810810810811, 359.72972972972974, 443.5135135135135, 430.0, 390.81081081081084, 465.6756756756757, 470.0, 399.18918918918916, 413.5135135135135]"
unsw,BalancedRandomForest,accuracy,0.6444493028,0.0004995383,"[42, 123, 456, 789, 1001, 2024, 31415, 65537, 77777, 99991]","[0.6440752076956712, 0.6448161103823544, 0.6446460671427877, 0.6439537482388379, 0.6443910022834378, 0.6445246076859544, 0.6452533644269542, 0.644949715784871, 0.6443059806636545, 0.6435772239226546]"
unsw,BalancedRandomForest,balanced_accuracy,0.6069596784,0.0053304809,"[42, 123, 456, 789, 1001, 2024, 31415, 65537, 77777, 99991]","[0.6056471953154562, 0.6083230216975991, 0.6127310645303451, 0.5994803583257259, 0.6014581014078756, 0.6121724634446347, 0.6141157625283156, 0.6096282643045461, 0.6058563517114088, 0.6001842007211013]"
unsw,BalancedRandomForest,macro_precision,0.4279811217,0.0033158773,"[42, 123, 456, 789, 1001, 2024, 31415, 65537, 77777, 99991]","[0.42383269113634353, 0.4291947066704077, 0.4321113959637106, 0.426420197940807, 0.4260682803589696, 0.42807476165344543, 0.4332991583135647, 0.43067848045247786, 0.4265747383006991, 0.4235568064388263]"
unsw,BalancedRandomForest,macro_recall,0.6069596784,0.0053304809,"[42, 123, 456, 789, 1001, 2024, 31415, 65537, 77777, 99991]","[0.6056471953154562, 0.6083230216975991, 0.6127310645303451, 0.5994803583257259, 0.6014581014078756, 0.6121724634446347, 0.6141157625283156, 0.6096282643045461, 0.6058563517114088, 0.6001842007211013]"
unsw,BalancedRandomForest,macro_f1,0.4009887594,0.0021717521,"[42, 123, 456, 789, 1001, 2024, 31415, 65537, 77777, 99991]","[0.3980506668222756, 0.40338314967936, 0.4028819685666436, 0.40164267577706736, 0.4021150728998393, 0.39933007827093, 0.403689082163137, 0.4017012698857415, 0.3989504341830775, 0.3981431954583416]"
unsw,BalancedRandomForest,weighted_f1,0.7040363723,0.0008275087,"[42, 123, 456, 789, 1001, 2024, 31415, 65537, 77777, 99991]","[0.7026084747188341, 0.7052671945858261, 0.7044560985428004, 0.7044276209229854, 0.7040250503672454, 0.7035839955628925, 0.7051257877449498, 0.7040736406667744, 0.7035872308506327, 0.7032086288177002]"
unsw,BalancedRandomForest,mcc,0.5808906848,0.0008646734,"[42, 123, 456, 789, 1001, 2024, 31415, 65537, 77777, 99991]","[0.5802301517458308, 0.5811544593207925, 0.5814902644899302, 0.5799056072540704, 0.5801065951173413, 0.5812990516140832, 0.5823643611464546, 0.5816775661839209, 0.5809364229924666, 0.5797423683840436]"
unsw,BalancedRandomForest,log_loss,0.9601369018,0.0066875456,"[42, 123, 456, 789, 1001, 2024, 31415, 65537, 77777, 99991]","[0.9624872615557415, 0.9604776665782534, 0.9699602144285018, 0.9561761871972507, 0.9539203448940945, 0.9611863588666305, 0.9463928586436957, 0.9609182028089224, 0.9671132511538109, 0.9627366719676372]"
unsw,BalancedRandomForest,macro_roc_auc_ovr,0.9437878494,0.0002260477,"[42, 123, 456, 789, 1001, 2024, 31415, 65537, 77777, 99991]","[0.9436775137491491, 0.9438248366445368, 0.9440292350386341, 0.9435422013203019, 0.943492708166854, 0.9441419707903517, 0.9438155346289758, 0.9437646730414485, 0.9440334607531016, 0.9435563602929926]"
unsw,BalancedRandomForest,macro_pr_auc_ovr,0.4930330111,0.0039414416,"[42, 123, 456, 789, 1001, 2024, 31415, 65537, 77777, 99991]","[0.4866590714612807, 0.4935902464948435, 0.49170685046174045, 0.4958921726832413, 0.49734943548405813, 0.4951885453213952, 0.48671779008380484, 0.49775326337197595, 0.4914466219118022, 0.49402611407474284]"
unsw,BalancedRandomForest,attack_pr_auc,0.9682406125,0.0014710070,"[42, 123, 456, 789, 1001, 2024, 31415, 65537, 77777, 99991]","[0.9687808550593996, 0.9705080900190333, 0.9667565156344108, 0.9675513913580233, 0.9675204879063168, 0.9699511556342286, 0.9692941345384953, 0.9685433606919531, 0.9656836913153309, 0.9678164426929693]"
unsw,BalancedRandomForest,default_attack_recall,0.9968719668,0.0002015892,"[42, 123, 456, 789, 1001, 2024, 31415, 65537, 77777, 99991]","[0.996757257566399, 0.9968675549280861, 0.9969778522897732, 0.9964704844260125, 0.9967351980940616, 0.9969116738727609, 0.9969116738727609, 0.9968013765110738, 0.9971984470131474, 0.9970881496514603]"
unsw,BalancedRandomForest,false_alerts_per_10000_benign,4232.5405405405,1.8161590153,"[42, 123, 456, 789, 1001, 2024, 31415, 65537, 77777, 99991]","[4231.891891891892, 4230.810810810811, 4231.081081081081, 4234.054054054054, 4233.783783783784, 4231.891891891892, 4231.891891891892, 4236.756756756757, 4231.621621621622, 4231.621621621622]"
unsw,BalancedRandomForest,attack_recall_at_validation_1pct_fpr,0.7680159711,0.0238481410,"[42, 123, 456, 789, 1001, 2024, 31415, 65537, 77777, 99991]","[0.7645371922703609, 0.789707050207359, 0.7121900644136592, 0.7691035030442072, 0.7932806847260213, 0.7724565428394953, 0.7661475337509926, 0.7944498367599047, 0.7596841083561281, 0.7586031942115945]"
unsw,BalancedRandomForest,attack_precision_at_validation_1pct_fpr,0.9622782956,0.0055503116,"[42, 123, 456, 789, 1001, 2024, 31415, 65537, 77777, 99991]","[0.9674519874944172, 0.9652448231233822, 0.9690248221628598, 0.9576455077320295, 0.9555201275408529, 0.9671868526446623, 0.9651789684304135, 0.9547720042417815, 0.9563189025575518, 0.9644389600919876]"
unsw,BalancedRandomForest,test_fpr_at_validation_1pct_fpr,0.0370027027,0.0063431031,"[42, 123, 456, 789, 1001, 2024, 31415, 65537, 77777, 99991]","[0.031513513513513516, 0.03483783783783784, 0.027891891891891892, 0.04167567567567568, 0.04524324324324324, 0.03210810810810811, 0.03386486486486486, 0.04610810810810811, 0.04251351351351351, 0.03427027027027027]"
unsw,BalancedRandomForest,threshold_false_alerts_per_10000_benign,370.0270270270,63.4310307170,"[42, 123, 456, 789, 1001, 2024, 31415, 65537, 77777, 99991]","[315.13513513513516, 348.3783783783784, 278.9189189189189, 416.7567567567568, 452.43243243243245, 321.0810810810811, 338.64864864864865, 461.0810810810811, 425.13513513513516, 342.7027027027027]"
unsw,EasyEnsemble,accuracy,0.5678739737,0.0147483868,"[42, 123, 456, 789, 1001, 2024, 31415, 65537, 77777, 99991]","[0.5858961278725161, 0.5644706796871204, 0.5777583442646844, 0.5675436039450031, 0.5900986250789486, 0.5461060098139241, 0.5626002040518875, 0.5622965554098042, 0.5468104746635573, 0.5751591118884516]"
unsw,EasyEnsemble,balanced_accuracy,0.5034986761,0.0212096892,"[42, 123, 456, 789, 1001, 2024, 31415, 65537, 77777, 99991]","[0.5109129457790547, 0.5229517716044583, 0.5283791187826437, 0.4786068051510153, 0.4844689604219525, 0.48105742608169033, 0.5292668744314836, 0.4864864997790061, 0.4899918737623209, 0.5228644856164133]"
unsw,EasyEnsemble,macro_precision,0.3648334994,0.0141618796,"[42, 123, 456, 789, 1001, 2024, 31415, 65537, 77777, 99991]","[0.35707482429211523, 0.3825538887588503, 0.3721713479409507, 0.3545868494500731, 0.37154156730060595, 0.3543077488419281, 0.39242922253660895, 0.35527445328767665, 0.35850141083737197, 0.3498936811718363]"
unsw,EasyEnsemble,macro_recall,0.5034986761,0.0212096892,"[42, 123, 456, 789, 1001, 2024, 31415, 65537, 77777, 99991]","[0.5109129457790547, 0.5229517716044583, 0.5283791187826437, 0.4786068051510153, 0.4844689604219525, 0.48105742608169033, 0.5292668744314836, 0.4864864997790061, 0.4899918737623209, 0.5228644856164133]"
unsw,EasyEnsemble,macro_f1,0.3292503692,0.0158189144,"[42, 123, 456, 789, 1001, 2024, 31415, 65537, 77777, 99991]","[0.33622810182678997, 0.33967249316548903, 0.3434630815521002, 0.33532208699260374, 0.35180220879338403, 0.298110449544543, 0.3194274185156173, 0.32812333922456005, 0.31258506528417374, 0.32776944731591395]"
unsw,EasyEnsemble,weighted_f1,0.6282887964,0.0111848576,"[42, 123, 456, 789, 1001, 2024, 31415, 65537, 77777, 99991]","[0.6371762917745563, 0.6317205791652917, 0.6358992938369904, 0.6280033641778092, 0.6471875117867456, 0.6069931409708484, 0.6247766531468371, 0.6278599268974933, 0.615915984680441, 0.6273552171830562]"
unsw,EasyEnsemble,mcc,0.5004479048,0.0168082274,"[42, 123, 456, 789, 1001, 2024, 31415, 65537, 77777, 99991]","[0.5203428430225704, 0.4979812181017383, 0.5094536731648073, 0.4964316690851737, 0.5278039994453456, 0.4757340001586266, 0.4954724392655203, 0.49416157096192487, 0.47734819411514634, 0.5097494403402028]"
unsw,EasyEnsemble,log_loss,2.2960429682,0.0001705651,"[42, 123, 456, 789, 1001, 2024, 31415, 65537, 77777, 99991]","[2.296085009643274, 2.2961449317675573, 2.2959742545141335, 2.2961308902251867, 2.296226227360587, 2.29601794449693, 2.296028213135884, 2.2958455779608054, 2.2962692539160288, 2.29570737871349]"
unsw,EasyEnsemble,macro_roc_auc_ovr,0.9006912698,0.0036894653,"[42, 123, 456, 789, 1001, 2024, 31415, 65537, 77777, 99991]","[0.9005229202313606, 0.8978986433200126, 0.8968791137413682, 0.901159411011424, 0.9034594283199444, 0.9056955431672247, 0.9033382501512575, 0.8935699649372288, 0.9006159498182862, 0.9037734730656866]"
unsw,EasyEnsemble,macro_pr_auc_ovr,0.3871695790,0.0096297542,"[42, 123, 456, 789, 1001, 2024, 31415, 65537, 77777, 99991]","[0.3804133866175047, 0.39654555463968333, 0.38769113181376746, 0.386669837405443, 0.3934793837724875, 0.3690448670092397, 0.3859291253579034, 0.396627130114956, 0.376676071234922, 0.3986193017486103]"
unsw,EasyEnsemble,attack_pr_auc,0.9132686103,0.0202521599,"[42, 123, 456, 789, 1001, 2024, 31415, 65537, 77777, 99991]","[0.9230520029462054, 0.9065800116143499, 0.9373970576855551, 0.8994179816592492, 0.8980818740919139, 0.9290202936212666, 0.9033256478794466, 0.9059160292340269, 0.8822400928647272, 0.9476551116061094]"
unsw,EasyEnsemble,default_attack_recall,0.9986543722,0.0000000000,"[42, 123, 456, 789, 1001, 2024, 31415, 65537, 77777, 99991]","[0.9986543721874173, 0.9986543721874173, 0.9986543721874173, 0.9986543721874173, 0.9986543721874173, 0.9986543721874173, 0.9986543721874173, 0.9986543721874173, 0.9986543721874173, 0.9986543721874173]"
unsw,EasyEnsemble,false_alerts_per_10000_benign,5374.2432432432,85.2879652119,"[42, 123, 456, 789, 1001, 2024, 31415, 65537, 77777, 99991]","[5258.378378378378, 5425.405405405405, 5272.7027027027025, 5376.486486486487, 5344.864864864865, 5510.0, 5310.27027027027, 5436.216216216216, 5475.135135135135, 5332.972972972973]"
unsw,EasyEnsemble,attack_recall_at_validation_1pct_fpr,0.3243315980,0.1763617563,"[42, 123, 456, 789, 1001, 2024, 31415, 65537, 77777, 99991]","[0.33342892438012883, 0.2650225006617842, 0.3633856878143475, 0.19520427071384452, 0.16683578928792023, 0.5818627018441719, 0.1868437306979617, 0.2738242301244154, 0.19401305920762377, 0.6828950851495632]"
unsw,EasyEnsemble,attack_precision_at_validation_1pct_fpr,0.9133122136,0.0348607772,"[42, 123, 456, 789, 1001, 2024, 31415, 65537, 77777, 99991]","[0.9275282277859598, 0.9114634701464229, 0.9480863309352519, 0.8675490196078431, 0.8738301559792028, 0.9530984643179765, 0.9042382833351126, 0.904408014571949, 0.8767819758747881, 0.9661381936208726]"
unsw,EasyEnsemble,test_fpr_at_validation_1pct_fpr,0.0311378378,0.0043229437,"[42, 123, 456, 789, 1001, 2024, 31415, 65537, 77777, 99991]","[0.03191891891891892, 0.03154054054054054, 0.02437837837837838, 0.036513513513513514, 0.029513513513513515, 0.03508108108108108, 0.024243243243243243, 0.03545945945945946, 0.0334054054054054, 0.029324324324324323]"
unsw,EasyEnsemble,threshold_false_alerts_per_10000_benign,311.3783783784,43.2294366097,"[42, 123, 456, 789, 1001, 2024, 31415, 65537, 77777, 99991]","[319.18918918918916, 315.4054054054054, 243.78378378378378, 365.13513513513516, 295.13513513513516, 350.81081081081084, 242.43243243243242, 354.5945945945946, 334.05405405405406, 293.2432432432432]"
nslkdd,DecisionTree,accuracy,0.7632230305,0.0151245153,"[42, 123, 456, 789, 1001, 2024, 31415, 65537, 77777, 99991]","[0.7625088715400994, 0.7920954577714692, 0.7680535841022001, 0.7823367636621718, 0.7485805535841022, 0.7664123491838183, 0.747249822569198, 0.7617991483321505, 0.7580731014904187, 0.7451206529453513]"
nslkdd,DecisionTree,balanced_accuracy,0.5054336712,0.0143967531,"[42, 123, 456, 789, 1001, 2024, 31415, 65537, 77777, 99991]","[0.5010005573634202, 0.5236493291221507, 0.5129481447275468, 0.5338288902417653, 0.4934784216458895, 0.5064798343814402, 0.4915026276427425, 0.5055833043606666, 0.49242401454491225, 0.4934415879693453]"
nslkdd,DecisionTree,macro_precision,0.8267434875,0.0294467747,"[42, 123, 456, 789, 1001, 2024, 31415, 65537, 77777, 99991]","[0.8393037650123757, 0.8415669394407541, 0.8334013104062168, 0.8290345079292308, 0.8826803287134688, 0.7722833262665132, 0.7963731296681313, 0.8355345424007876, 0.8273105605796502, 0.8099464647404571]"
nslkdd,DecisionTree,macro_recall,0.5054336712,0.0143967531,"[42, 123, 456, 789, 1001, 2024, 31415, 65537, 77777, 99991]","[0.5010005573634202, 0.5236493291221507, 0.5129481447275468, 0.5338288902417653, 0.4934784216458895, 0.5064798343814402, 0.4915026276427425, 0.5055833043606666, 0.49242401454491225, 0.4934415879693453]"
nslkdd,DecisionTree,macro_f1,0.5113358838,0.0159409111,"[42, 123, 456, 789, 1001, 2024, 31415, 65537, 77777, 99991]","[0.5109575976260221, 0.5314600097218357, 0.5244886640898523, 0.5326748666924369, 0.506244826473111, 0.5091233081503745, 0.4940211621276255, 0.5215134368047465, 0.49514242915019757, 0.48773253744169026]"
nslkdd,DecisionTree,weighted_f1,0.7220217437,0.0147299262,"[42, 123, 456, 789, 1001, 2024, 31415, 65537, 77777, 99991]","[0.7208248121887998, 0.7507401780364282, 0.7284954659889522, 0.73959405900558, 0.7081107088507812, 0.7250011312264902, 0.7056808318478116, 0.7204761008627537, 0.715405531904968, 0.7058886172586333]"
nslkdd,DecisionTree,mcc,0.6555533004,0.0232458474,"[42, 123, 456, 789, 1001, 2024, 31415, 65537, 77777, 99991]","[0.6558536998357971, 0.6985538663373275, 0.6647008176991444, 0.6846393443685007, 0.6364559093017264, 0.6594173360661765, 0.6319119643532533, 0.6545747054339962, 0.6464671784160145, 0.6229581823009466]"
nslkdd,DecisionTree,log_loss,8.2382610731,0.5152437807,"[42, 123, 456, 789, 1001, 2024, 31415, 65537, 77777, 99991]","[8.270069930010767, 7.301763312701046, 8.18972237280821, 7.516248184359628, 8.728271446609876, 8.11498648374815, 8.692970348509997, 8.233477936719899, 8.387444902366944, 8.947655813163205]"
nslkdd,DecisionTree,macro_roc_auc_ovr,0.7266718767,0.0072824935,"[42, 123, 456, 789, 1001, 2024, 31415, 65537, 77777, 99991]","[0.7217628357583761, 0.7346966437977407, 0.7252105876532273, 0.7432803732392924, 0.7219804993284841, 0.7253937112041484, 0.72062323695458, 0.7294863498129812, 0.7230518008106375, 0.7212327285080129]"
nslkdd,DecisionTree,macro_pr_auc_ovr,0.4713099987,0.0148472986,"[42, 123, 456, 789, 1001, 2024, 31415, 65537, 77777, 99991]","[0.4698287562721225, 0.4878684363221841, 0.4771747552116182, 0.49309050258179915, 0.47188232124604657, 0.47531162482607925, 0.45315612846114195, 0.477764595654638, 0.4629368136122533, 0.4440860531909469]"
nslkdd,DecisionTree,attack_pr_auc,0.8496833127,0.0127003826,"[42, 123, 456, 789, 1001, 2024, 31415, 65537, 77777, 99991]","[0.8344867515361145, 0.854000472488195, 0.8335149945855355, 0.8549315839145698, 0.8578014526166315, 0.860929225525485, 0.8625477041548132, 0.8561599223404761, 0.8548402807385643, 0.8276207389831306]"
nslkdd,DecisionTree,default_attack_recall,0.6459985974,0.0246453909,"[42, 123, 456, 789, 1001, 2024, 31415, 65537, 77777, 99991]","[0.6282241097171355, 0.6784851554585833, 0.634302189667264, 0.6766929011143147, 0.6022753837762019, 0.6632899555832619, 0.6351593547884361, 0.6276786410036624, 0.6494194654406608, 0.6644588171121328]"
nslkdd,DecisionTree,false_alerts_per_10000_benign,333.3333333333,158.9141075341,"[42, 123, 456, 789, 1001, 2024, 31415, 65537, 77777, 99991]","[273.91617753063537, 280.0947379260632, 292.45185871691893, 288.3328184533004, 269.7971372670168, 285.24353825558643, 275.97569766244465, 278.0352177942539, 304.80897950777467, 784.6771702193389]"
nslkdd,DecisionTree,attack_recall_at_validation_1pct_fpr,0.7204005299,0.0279390586,"[42, 123, 456, 789, 1001, 2024, 31415, 65537, 77777, 99991]","[0.670926517571885, 0.7159666484843762, 0.669212187329541, 0.7217330320268059, 0.7402789682848905, 0.7391880308579444, 0.7436297046676537, 0.7326424062962674, 0.7297592145250525, 0.7406685887945141]"
nslkdd,DecisionTree,attack_precision_at_validation_1pct_fpr,0.9220760182,0.0030266667,"[42, 123, 456, 789, 1001, 2024, 31415, 65537, 77777, 99991]","[0.9181062060140754, 0.9210104250200482, 0.9168356997971603, 0.920675944333996, 0.9250243427458618, 0.9248318221702252, 0.9258756185116911, 0.922397723928186, 0.921661253813601, 0.9243411455800836]"
nslkdd,DecisionTree,test_fpr_at_validation_1pct_fpr,0.0803521779,0.0012612401,"[42, 123, 456, 789, 1001, 2024, 31415, 65537, 77777, 99991]","[0.07908557306147668, 0.08114509319328596, 0.08021830913397178, 0.0821748532591906, 0.0792915250746576, 0.07939450108124807, 0.07867366903511482, 0.08145402121305735, 0.08196890124600968, 0.08011533312738132]"
nslkdd,DecisionTree,threshold_false_alerts_per_10000_benign,803.5217794254,12.6124006948,"[42, 123, 456, 789, 1001, 2024, 31415, 65537, 77777, 99991]","[790.8557306147668, 811.4509319328596, 802.1830913397179, 821.748532591906, 792.915250746576, 793.9450108124807, 786.7366903511481, 814.5402121305735, 819.6890124600968, 801.1533312738133]"
nslkdd,RandomForest,accuracy,0.7462251597,0.0038962152,"[42, 123, 456, 789, 1001, 2024, 31415, 65537, 77777, 99991]","[0.7441891412349184, 0.7491128459900639, 0.7399751596877218, 0.7427696948190206, 0.7459190915542938, 0.7507540809084458, 0.7432132718239887, 0.7496894960965224, 0.7449432221433641, 0.7516855926188787]"
nslkdd,RandomForest,balanced_accuracy,0.4812506642,0.0047921553,"[42, 123, 456, 789, 1001, 2024, 31415, 65537, 77777, 99991]","[0.4758639369579642, 0.48430850929122854, 0.4729425659491355, 0.478427187268642, 0.48349825822518816, 0.48671594853822275, 0.47700756346758266, 0.4846934489914103, 0.48292713507144114, 0.4861220879345531]"
nslkdd,RandomForest,macro_precision,0.8060851524,0.0261885905,"[42, 123, 456, 789, 1001, 2024, 31415, 65537, 77777, 99991]","[0.7521465228152502, 0.7891133440089101, 0.7781745129868346, 0.8082687829308781, 0.8036572582846615, 0.8231306161177822, 0.8163868801289524, 0.8243748917691842, 0.8291244294737942, 0.8364742854355178]"
nslkdd,RandomForest,macro_recall,0.4812506642,0.0047921553,"[42, 123, 456, 789, 1001, 2024, 31415, 65537, 77777, 99991]","[0.4758639369579642, 0.48430850929122854, 0.4729425659491355, 0.478427187268642, 0.48349825822518816, 0.48671594853822275, 0.47700756346758266, 0.4846934489914103, 0.48292713507144114, 0.4861220879345531]"
nslkdd,RandomForest,macro_f1,0.4881097844,0.0077043936,"[42, 123, 456, 789, 1001, 2024, 31415, 65537, 77777, 99991]","[0.47624848081974014, 0.49348041163855105, 0.4757879541460735, 0.48632814357247456, 0.49164030223251076, 0.4962941507260349, 0.48127797492990415, 0.4924518920332499, 0.49359350959583487, 0.4939950247895902]"
nslkdd,RandomForest,weighted_f1,0.7033057520,0.0054805931,"[42, 123, 456, 789, 1001, 2024, 31415, 65537, 77777, 99991]","[0.6978063064490978, 0.708266961642037, 0.6942319291868944, 0.6999409911093704, 0.7043982471266286, 0.7104627951414642, 0.6986816534779331, 0.7065356833869496, 0.703296369553515, 0.7094365825527043]"
nslkdd,RandomForest,mcc,0.6336182904,0.0055825338,"[42, 123, 456, 789, 1001, 2024, 31415, 65537, 77777, 99991]","[0.6306303631847491, 0.6378011295024629, 0.6245924462354344, 0.6288217571975441, 0.6331583234197311, 0.6401587569342415, 0.629326462904449, 0.638607684675209, 0.6317380517459898, 0.6413479277868188]"
nslkdd,RandomForest,log_loss,1.9056822384,0.1506609357,"[42, 123, 456, 789, 1001, 2024, 31415, 65537, 77777, 99991]","[1.8447318826265748, 1.8298673650693127, 1.9767311371641503, 2.015598410123301, 2.1825382515005693, 1.60063537916102, 1.933248949566057, 1.9574913079414167, 1.8578542151858661, 1.858125485273113]"
nslkdd,RandomForest,macro_roc_auc_ovr,0.8872492420,0.0117852991,"[42, 123, 456, 789, 1001, 2024, 31415, 65537, 77777, 99991]","[0.8787620251759909, 0.8922756145513256, 0.8791799290188583, 0.8856264530488097, 0.8740019860269989, 0.8891588108489327, 0.908590263326744, 0.8790546213710417, 0.9055491430178648, 0.88029357342546]"
nslkdd,RandomForest,macro_pr_auc_ovr,0.7115741974,0.0049959852,"[42, 123, 456, 789, 1001, 2024, 31415, 65537, 77777, 99991]","[0.7059011989466196, 0.7183166638249321, 0.7043227555861918, 0.7111662740044578, 0.7080149247587209, 0.7186731261637845, 0.7140068388548927, 0.7139285504330595, 0.7076881108961314, 0.7137235306451238]"
nslkdd,RandomForest,attack_pr_auc,0.9629987129,0.0009726289,"[42, 123, 456, 789, 1001, 2024, 31415, 65537, 77777, 99991]","[0.9639268100279446, 0.9631101997148019, 0.9622173668466607, 0.963715309801251, 0.9616235874108777, 0.9624349840568621, 0.9619389718506095, 0.9632141591819078, 0.9630359716233152, 0.9647697687645367]"
nslkdd,RandomForest,default_attack_recall,0.5921842126,0.0067701103,"[42, 123, 456, 789, 1001, 2024, 31415, 65537, 77777, 99991]","[0.5895737551624718, 0.5965090002337723, 0.5813917244603756, 0.5847424608431387, 0.5937037325644822, 0.5994701161069119, 0.5867684874931817, 0.5976778617626431, 0.5900412997740201, 0.601963687368503]"
nslkdd,RandomForest,false_alerts_per_10000_benign,260.8382246936,1.6850908192,"[42, 123, 456, 789, 1001, 2024, 31415, 65537, 77777, 99991]","[260.52929667387497, 260.52929667387497, 261.55905673977963, 260.52929667387497, 258.4697765420657, 263.6185768715889, 260.52929667387497, 259.49953660797036, 263.6185768715889, 259.49953660797036]"
nslkdd,RandomForest,attack_recall_at_validation_1pct_fpr,0.8985584041,0.0111678406,"[42, 123, 456, 789, 1001, 2024, 31415, 65537, 77777, 99991]","[0.9042312787345126, 0.8992441362113301, 0.8852177978648796, 0.880854048157095, 0.902127327982545, 0.9082054079326736, 0.9032182654094911, 0.8941790695862231, 0.8902049403880621, 0.9181017688771137]"
nslkdd,RandomForest,attack_precision_at_validation_1pct_fpr,0.9215846120,0.0009984221,"[42, 123, 456, 789, 1001, 2024, 31415, 65537, 77777, 99991]","[0.9205870686235621, 0.92106313353021, 0.9226021278323723, 0.9222485110549073, 0.9213688818145642, 0.9209798498617148, 0.9201397158053505, 0.9211688207433572, 0.9224061364553896, 0.9232818744612491]"
nslkdd,RandomForest,test_fpr_at_validation_1pct_fpr,0.1010400577,0.0020224586,"[42, 123, 456, 789, 1001, 2024, 31415, 65537, 77777, 99991]","[0.10307898259705489, 0.10184327051796932, 0.09813613428071259, 0.09813613428071259, 0.10174029451137885, 0.10297600659046442, 0.10359386263000721, 0.10112243847183607, 0.09895994233343632, 0.10081351045206467]"
nslkdd,RandomForest,threshold_false_alerts_per_10000_benign,1010.4005766656,20.2245855668,"[42, 123, 456, 789, 1001, 2024, 31415, 65537, 77777, 99991]","[1030.789825970549, 1018.4327051796931, 981.361342807126, 981.361342807126, 1017.4029451137885, 1029.7600659046443, 1035.938626300072, 1011.2243847183606, 989.5994233343631, 1008.1351045206467]"
nslkdd,ExtraTrees,accuracy,0.7680713272,0.0023238995,"[42, 123, 456, 789, 1001, 2024, 31415, 65537, 77777, 99991]","[0.7665010645848119, 0.7706263307310149, 0.7669002838892832, 0.7667672107877928, 0.7645936834634492, 0.7706263307310149, 0.7669002838892832, 0.7664123491838183, 0.7708481192334989, 0.7705376153300213]"
nslkdd,ExtraTrees,balanced_accuracy,0.5133769118,0.0040013844,"[42, 123, 456, 789, 1001, 2024, 31415, 65537, 77777, 99991]","[0.5119389098382325, 0.5158306579182665, 0.5109562651952403, 0.5099111177702144, 0.5082866245922095, 0.5180839267032014, 0.5101672168524973, 0.5113982519955448, 0.5177812471392388, 0.5194148995230659]"
nslkdd,ExtraTrees,macro_precision,0.8208348394,0.0055377252,"[42, 123, 456, 789, 1001, 2024, 31415, 65537, 77777, 99991]","[0.8176796640889407, 0.8153601717922567, 0.8238368577199383, 0.8203613098745999, 0.8100970036455737, 0.8272870339595798, 0.8199857261718261, 0.8204979745752053, 0.8276462367151914, 0.8255964156596042]"
nslkdd,ExtraTrees,macro_recall,0.5133769118,0.0040013844,"[42, 123, 456, 789, 1001, 2024, 31415, 65537, 77777, 99991]","[0.5119389098382325, 0.5158306579182665, 0.5109562651952403, 0.5099111177702144, 0.5082866245922095, 0.5180839267032014, 0.5101672168524973, 0.5113982519955448, 0.5177812471392388, 0.5194148995230659]"
nslkdd,ExtraTrees,macro_f1,0.5192331967,0.0060968002,"[42, 123, 456, 789, 1001, 2024, 31415, 65537, 77777, 99991]","[0.5124621679910909, 0.5233995081753043, 0.5159956422109035, 0.5166115640843258, 0.5149274044278102, 0.5293730861609262, 0.5134000476480018, 0.5150338615901097, 0.5249338666969543, 0.5261948179924079]"
nslkdd,ExtraTrees,weighted_f1,0.7259538230,0.0040185581,"[42, 123, 456, 789, 1001, 2024, 31415, 65537, 77777, 99991]","[0.7210014043947219, 0.7301879715734793, 0.7244725605047673, 0.7243739200275594, 0.721632988178666, 0.731653322816239, 0.7238100292301147, 0.7226570104215834, 0.7305195914761982, 0.7292294312606127]"
nslkdd,ExtraTrees,mcc,0.6649517301,0.0034272801,"[42, 123, 456, 789, 1001, 2024, 31415, 65537, 77777, 99991]","[0.662928617950681, 0.6686385050145681, 0.6631884858168025, 0.6628131307510855, 0.6596397949378917, 0.6685364635723942, 0.6633661166686823, 0.6626048853407757, 0.6690897911974989, 0.6687115095540673]"
nslkdd,ExtraTrees,log_loss,2.2618996460,0.1136535273,"[42, 123, 456, 789, 1001, 2024, 31415, 65537, 77777, 99991]","[2.271353576309933, 2.0712430839403755, 2.2284079221206934, 2.300948254076453, 2.3946825880054092, 2.3816444683792857, 2.129763103639606, 2.1827764874293445, 2.250193069201291, 2.407983907182023]"
nslkdd,ExtraTrees,macro_roc_auc_ovr,0.8736112120,0.0030997108,"[42, 123, 456, 789, 1001, 2024, 31415, 65537, 77777, 99991]","[0.8718118993492686, 0.8787894987362748, 0.8767649747194506, 0.8715912548426974, 0.8698924551336018, 0.8687140752046376, 0.874413456540284, 0.8743732366198465, 0.8751423539985096, 0.874618914592858]"
nslkdd,ExtraTrees,macro_pr_auc_ovr,0.6894642866,0.0037751880,"[42, 123, 456, 789, 1001, 2024, 31415, 65537, 77777, 99991]","[0.6909341207579166, 0.6870841104800073, 0.6887018066660703, 0.6923768877865678, 0.6909520052430849, 0.6810694152860524, 0.6941476522102392, 0.6903867040330265, 0.6866751265887912, 0.6923150368973713]"
nslkdd,ExtraTrees,attack_pr_auc,0.9593382461,0.0005247272,"[42, 123, 456, 789, 1001, 2024, 31415, 65537, 77777, 99991]","[0.9593990700432845, 0.9600124290322083, 0.9598808550937832, 0.9589001997834808, 0.9582323802385442, 0.9593215068538944, 0.959754426655935, 0.959328274734186, 0.9595310265517902, 0.9590222917128473]"
nslkdd,ExtraTrees,default_attack_recall,0.6368425154,0.0037648445,"[42, 123, 456, 789, 1001, 2024, 31415, 65537, 77777, 99991]","[0.6346918101768877, 0.6409257383308657, 0.6350814306865114, 0.6341463414634146, 0.6312631496921998, 0.640847814228941, 0.6347697342788124, 0.634302189667264, 0.6410815865347151, 0.6413153588404894]"
nslkdd,ExtraTrees,false_alerts_per_10000_benign,278.0352177943,3.2923705237,"[42, 123, 456, 789, 1001, 2024, 31415, 65537, 77777, 99991]","[280.0947379260632, 272.8864174647307, 279.0649778601586, 283.18401812377715, 280.0947379260632, 275.97569766244465, 272.8864174647307, 280.0947379260632, 278.0352177942539, 278.0352177942539]"
nslkdd,ExtraTrees,attack_recall_at_validation_1pct_fpr,0.8998207746,0.0065665358,"[42, 123, 456, 789, 1001, 2024, 31415, 65537, 77777, 99991]","[0.9006467700459753, 0.9016597833709966, 0.8943349177900725, 0.8935556767708253, 0.9053222161614587, 0.905555988467233, 0.9057897607730071, 0.8929322839554275, 0.8900490921842126, 0.9083612561365231]"
nslkdd,ExtraTrees,attack_precision_at_validation_1pct_fpr,0.9262173499,0.0012919959,"[42, 123, 456, 789, 1001, 2024, 31415, 65537, 77777, 99991]","[0.9258992229432027, 0.9268663889778918, 0.9278092158447858, 0.9270757539008813, 0.9283260087894527, 0.9263451574332403, 0.9250358109183511, 0.9250080723280594, 0.925382808069351, 0.9244250594766059]"
nslkdd,ExtraTrees,test_fpr_at_validation_1pct_fpr,0.0947276285,0.0019798608,"[42, 123, 456, 789, 1001, 2024, 31415, 65537, 77777, 99991]","[0.09525280609617959, 0.09401709401709402, 0.09195757388528474, 0.09288435794459891, 0.09236947791164658, 0.09514983008958913, 0.09700339820821749, 0.09566471012254145, 0.09484090206981773, 0.09813613428071259]"
nslkdd,ExtraTrees,threshold_false_alerts_per_10000_benign,947.2762846257,19.7986083513,"[42, 123, 456, 789, 1001, 2024, 31415, 65537, 77777, 99991]","[952.5280609617959, 940.1709401709402, 919.5757388528473, 928.8435794459891, 923.6947791164658, 951.4983008958912, 970.0339820821748, 956.6471012254145, 948.4090206981773, 981.361342807126]"
nslkdd,BalancedRandomForest,accuracy,0.7744898864,0.0039039509,"[42, 123, 456, 789, 1001, 2024, 31415, 65537, 77777, 99991]","[0.7720457771469127, 0.7760823278921221, 0.7784332860184529, 0.7732877927608233, 0.7709368346344926, 0.7830021291696239, 0.7739531582682754, 0.7708037615330021, 0.7753282469836764, 0.7710255500354861]"
nslkdd,BalancedRandomForest,balanced_accuracy,0.6009604568,0.0048901993,"[42, 123, 456, 789, 1001, 2024, 31415, 65537, 77777, 99991]","[0.5969702564717622, 0.604758111970258, 0.6070600206174944, 0.5981515977073059, 0.5966052688317285, 0.6086079019647348, 0.6015787699058307, 0.5933062350704141, 0.6025400553182687, 0.600026349692315]"
nslkdd,BalancedRandomForest,macro_precision,0.6992088479,0.0055026557,"[42, 123, 456, 789, 1001, 2024, 31415, 65537, 77777, 99991]","[0.6913404190657425, 0.6979449452961713, 0.704780316057736, 0.699667335856865, 0.6917438834276048, 0.7046960706806367, 0.7019156962011828, 0.702143567546352, 0.7050852063687689, 0.6927710387099854]"
nslkdd,BalancedRandomForest,macro_recall,0.6009604568,0.0048901993,"[42, 123, 456, 789, 1001, 2024, 31415, 65537, 77777, 99991]","[0.5969702564717622, 0.604758111970258, 0.6070600206174944, 0.5981515977073059, 0.5966052688317285, 0.6086079019647348, 0.6015787699058307, 0.5933062350704141, 0.6025400553182687, 0.600026349692315]"
nslkdd,BalancedRandomForest,macro_f1,0.6089332364,0.0063138872,"[42, 123, 456, 789, 1001, 2024, 31415, 65537, 77777, 99991]","[0.6016263749951357, 0.6099652559958774, 0.6151122783470179, 0.6070467250919941, 0.604564407058697, 0.6165116059934777, 0.6097511259606264, 0.6085260326808488, 0.617703264106113, 0.5985252935888856]"
nslkdd,BalancedRandomForest,weighted_f1,0.7618053383,0.0041155631,"[42, 123, 456, 789, 1001, 2024, 31415, 65537, 77777, 99991]","[0.759413305099371, 0.7641424403910351, 0.7658503292545168, 0.7597460722273294, 0.7602797331211136, 0.7707850650083252, 0.7594160156057165, 0.7567601145907056, 0.7623510520851855, 0.7593092551486736]"
nslkdd,BalancedRandomForest,mcc,0.6708348881,0.0062797820,"[42, 123, 456, 789, 1001, 2024, 31415, 65537, 77777, 99991]","[0.6662778226889966, 0.6737558943115747, 0.6780227569411998, 0.6689429155699159, 0.665371585299304, 0.6840456141210439, 0.6695452274639617, 0.6637025959531154, 0.671465558371759, 0.667218910234093]"
nslkdd,BalancedRandomForest,log_loss,0.6127302869,0.0193507665,"[42, 123, 456, 789, 1001, 2024, 31415, 65537, 77777, 99991]","[0.6461011413180753, 0.5934928916129586, 0.6184982300047512, 0.628174883355725, 0.6150246728558533, 0.5975217276733187, 0.6058005531538172, 0.6094204054683633, 0.5816871637462779, 0.6315812002414114]"
nslkdd,BalancedRandomForest,macro_roc_auc_ovr,0.9371571885,0.0053505420,"[42, 123, 456, 789, 1001, 2024, 31415, 65537, 77777, 99991]","[0.9340338723518051, 0.9438983479454143, 0.938315988093114, 0.930723863253492, 0.9338740908458483, 0.9429477659044789, 0.9319728793246306, 0.9347877901056233, 0.9460068590313832, 0.9350104277811712]"
nslkdd,BalancedRandomForest,macro_pr_auc_ovr,0.7115656850,0.0061935404,"[42, 123, 456, 789, 1001, 2024, 31415, 65537, 77777, 99991]","[0.7043837681050312, 0.7204646213069527, 0.7058636196511877, 0.7070923640237113, 0.7098343962511537, 0.7117685422327942, 0.7175913886479142, 0.7081737505609668, 0.7217251764581182, 0.7087592227786812]"
nslkdd,BalancedRandomForest,attack_pr_auc,0.9664118247,0.0010961896,"[42, 123, 456, 789, 1001, 2024, 31415, 65537, 77777, 99991]","[0.9653899786324506, 0.9672585263342743, 0.9654186662299383, 0.9655139869287478, 0.9659777506383033, 0.9666078693887414, 0.9689177789629844, 0.9666818043959547, 0.9667099395312828, 0.9656419463073447]"
nslkdd,BalancedRandomForest,default_attack_recall,0.7086963298,0.0040102196,"[42, 123, 456, 789, 1001, 2024, 31415, 65537, 77777, 99991]","[0.7128496844073872, 0.7116028987765916, 0.7080183900880542, 0.7050572742149147, 0.7039663367879685, 0.7167458895036235, 0.7092651757188498, 0.7058365152341619, 0.7079404659861295, 0.7056806670303125]"
nslkdd,BalancedRandomForest,false_alerts_per_10000_benign,434.6617238184,12.8015555389,"[42, 123, 456, 789, 1001, 2024, 31415, 65537, 77777, 99991]","[456.1837091957574, 429.40994748223665, 418.0825867572855, 428.380187416332, 441.7670682730924, 419.1123468231902, 453.09442899804344, 433.5289877458552, 437.6480280094738, 429.40994748223665]"
nslkdd,BalancedRandomForest,attack_recall_at_validation_1pct_fpr,0.5493882958,0.0116949081,"[42, 123, 456, 789, 1001, 2024, 31415, 65537, 77777, 99991]","[0.5432089145172602, 0.537286682770981, 0.5428192940076365, 0.5488194498558404, 0.5400140263383465, 0.5653393594638821, 0.5550533780098185, 0.5594171277176031, 0.5671316138081509, 0.5347931115093899]"
nslkdd,BalancedRandomForest,attack_precision_at_validation_1pct_fpr,0.9686794906,0.0012544558,"[42, 123, 456, 789, 1001, 2024, 31415, 65537, 77777, 99991]","[0.9703507795100222, 0.9679910150217605, 0.9703301295445048, 0.968642552606244, 0.9662576687116564, 0.9677204215019342, 0.9692475166689345, 0.9689566743150223, 0.967947865407634, 0.9693502824858757]"
nslkdd,BalancedRandomForest,test_fpr_at_validation_1pct_fpr,0.0234785295,0.0011589567,"[42, 123, 456, 789, 1001, 2024, 31415, 65537, 77777, 99991]","[0.021933889403768923, 0.023478529502625887, 0.021933889403768923, 0.023478529502625887, 0.02492019359489239, 0.02492019359489239, 0.02327257748944496, 0.023684481515806818, 0.024817217588301927, 0.02234579343013078]"
nslkdd,BalancedRandomForest,threshold_false_alerts_per_10000_benign,234.7852950263,11.5895671686,"[42, 123, 456, 789, 1001, 2024, 31415, 65537, 77777, 99991]","[219.33889403768922, 234.7852950262589, 219.33889403768922, 234.7852950262589, 249.2019359489239, 249.2019359489239, 232.7257748944496, 236.84481515806817, 248.17217588301926, 223.4579343013078]"
nslkdd,EasyEnsemble,accuracy,0.7291119588,0.0324251012,"[42, 123, 456, 789, 1001, 2024, 31415, 65537, 77777, 99991]","[0.7132274662881476, 0.7272001419446416, 0.6476224272533712, 0.7549680624556423, 0.7443222143364088, 0.7315915542938254, 0.7220102909865153, 0.7419268985095813, 0.744277856635912, 0.763972675656494]"
nslkdd,EasyEnsemble,balanced_accuracy,0.5553011577,0.0186056059,"[42, 123, 456, 789, 1001, 2024, 31415, 65537, 77777, 99991]","[0.5351704872023603, 0.5449698799227357, 0.5242524164102067, 0.5752901626485912, 0.5473860282240073, 0.5596161567023962, 0.5690308779929668, 0.5700637824526342, 0.5460948362114578, 0.5811369493679807]"
nslkdd,EasyEnsemble,macro_precision,0.6091802177,0.0255473647,"[42, 123, 456, 789, 1001, 2024, 31415, 65537, 77777, 99991]","[0.5965636565476159, 0.6120972076401281, 0.5596692190369181, 0.6402011562473479, 0.6382209642908546, 0.5966286507297897, 0.5984175566927037, 0.6173905901406533, 0.5938681797330851, 0.6387449963235023]"
nslkdd,EasyEnsemble,macro_recall,0.5553011577,0.0186056059,"[42, 123, 456, 789, 1001, 2024, 31415, 65537, 77777, 99991]","[0.5351704872023603, 0.5449698799227357, 0.5242524164102067, 0.5752901626485912, 0.5473860282240073, 0.5596161567023962, 0.5690308779929668, 0.5700637824526342, 0.5460948362114578, 0.5811369493679807]"
nslkdd,EasyEnsemble,macro_f1,0.5346933991,0.0324302015,"[42, 123, 456, 789, 1001, 2024, 31415, 65537, 77777, 99991]","[0.5090248826321356, 0.514033050674115, 0.4641417991532936, 0.5661128789435786, 0.543487685934229, 0.5480841115550777, 0.5533558891848227, 0.5482519892132072, 0.526303819545369, 0.5741378843108784]"
nslkdd,EasyEnsemble,weighted_f1,0.7063545433,0.0369256168,"[42, 123, 456, 789, 1001, 2024, 31415, 65537, 77777, 99991]","[0.6906992600682054, 0.6945987381293512, 0.6135724842965198, 0.7382829651635877, 0.71863638398098, 0.7174465620754531, 0.7078731182184526, 0.7215592581046, 0.7132211083693514, 0.747655554641873]"
nslkdd,EasyEnsemble,mcc,0.6119987637,0.0397328438,"[42, 123, 456, 789, 1001, 2024, 31415, 65537, 77777, 99991]","[0.5901786684040258, 0.6096213193352222, 0.51516584886336, 0.64602925687062, 0.6314845138694037, 0.6118360487132197, 0.5997712990618413, 0.6293046701605207, 0.6290884684014457, 0.6575075431812533]"
nslkdd,EasyEnsemble,log_loss,1.5765210689,0.0009052255,"[42, 123, 456, 789, 1001, 2024, 31415, 65537, 77777, 99991]","[1.5747180757851011, 1.5770106166934295, 1.5763214938766497, 1.576502955197693, 1.5765991341247885, 1.577498935348162, 1.575539033238548, 1.5769769001252425, 1.576244470243279, 1.5777990748048618]"
nslkdd,EasyEnsemble,macro_roc_auc_ovr,0.8604896512,0.0109249320,"[42, 123, 456, 789, 1001, 2024, 31415, 65537, 77777, 99991]","[0.8504125640770376, 0.8631605228670839, 0.867262153080549, 0.8727941801659409, 0.8406914208733554, 0.8517844386238529, 0.8687372115278474, 0.8723456509700614, 0.8522757856326721, 0.8654325838419048]"
nslkdd,EasyEnsemble,macro_pr_auc_ovr,0.5479939214,0.0194041220,"[42, 123, 456, 789, 1001, 2024, 31415, 65537, 77777, 99991]","[0.5210375818887178, 0.5759493141268586, 0.5222320881532765, 0.5543725927734705, 0.5642726796497942, 0.5294224871706921, 0.5462732199556223, 0.5552131287582819, 0.5415116746057074, 0.5696544473296885]"
nslkdd,EasyEnsemble,attack_pr_auc,0.9231702935,0.0070792000,"[42, 123, 456, 789, 1001, 2024, 31415, 65537, 77777, 99991]","[0.917833868947537, 0.9272013073252955, 0.9305452871846053, 0.9283459924788627, 0.9223647125685273, 0.9079337127433824, 0.9245376261462004, 0.930763520479455, 0.9176147236355657, 0.9245621837508972]"
nslkdd,EasyEnsemble,default_attack_recall,0.6841034832,0.0187099521,"[42, 123, 456, 789, 1001, 2024, 31415, 65537, 77777, 99991]","[0.677705914439336, 0.6682770981064443, 0.6734980129354009, 0.6974986363282163, 0.6599392192004987, 0.6854204005298838, 0.6972648640224421, 0.70497935011299, 0.6623548663601652, 0.7140964700381828]"
nslkdd,EasyEnsemble,false_alerts_per_10000_benign,640.9226650191,117.8376320376,"[42, 123, 456, 789, 1001, 2024, 31415, 65537, 77777, 99991]","[606.5286788178355, 505.6121923591803, 691.998764287921, 583.8739573679333, 481.9277108433735, 800.1235712079085, 843.3734939759037, 672.4333230357327, 560.1894758521264, 663.1654824425909]"
nslkdd,EasyEnsemble,attack_recall_at_validation_1pct_fpr,0.4899166212,0.0232399248,"[42, 123, 456, 789, 1001, 2024, 31415, 65537, 77777, 99991]","[0.499571417439414, 0.5102470194031014, 0.49848048001246786, 0.49559728824125304, 0.4958310605470272, 0.4313878282552794, 0.4725317540715343, 0.5113379568300476, 0.48912958778150084, 0.49505181952777993]"
nslkdd,EasyEnsemble,attack_precision_at_validation_1pct_fpr,0.9671416125,0.0028692617,"[42, 123, 456, 789, 1001, 2024, 31415, 65537, 77777, 99991]","[0.9603055721989215, 0.9683525584146702, 0.9686553603876439, 0.9680365296803652, 0.9690831556503199, 0.9642919352029263, 0.9699296225207934, 0.9669908635425877, 0.9668823166974738, 0.9688882110721366]"
nslkdd,EasyEnsemble,test_fpr_at_validation_1pct_fpr,0.0219853774,0.0020998859,"[42, 123, 456, 789, 1001, 2024, 31415, 65537, 77777, 99991]","[0.027288641746473073, 0.022036865410359385, 0.021316033364226137, 0.02162496138399753, 0.02090412933786428, 0.021110081351045206, 0.01935948923900731, 0.023066625476264032, 0.02213984141694985, 0.02100710534445474]"
nslkdd,EasyEnsemble,threshold_false_alerts_per_10000_benign,219.8537740706,20.9988589149,"[42, 123, 456, 789, 1001, 2024, 31415, 65537, 77777, 99991]","[272.8864174647307, 220.36865410359385, 213.16033364226135, 216.2496138399753, 209.04129337864276, 211.10081351045207, 193.5948923900731, 230.6662547626403, 221.3984141694985, 210.07105344454743]"
cicids2017,DecisionTree,accuracy,0.7039794097,0.0003780942,"[42, 123, 456]","[0.7036765280947607, 0.7044031596385328, 0.7038585414755881]"
cicids2017,DecisionTree,balanced_accuracy,0.6398054748,0.0004523068,"[42, 123, 456]","[0.6394417529910806, 0.6403119297513649, 0.63966274152309]"
cicids2017,DecisionTree,macro_precision,0.8320479248,0.0002335429,"[42, 123, 456]","[0.8318770456017288, 0.8323140368357063, 0.8319526920121108]"
cicids2017,DecisionTree,macro_recall,0.6398054748,0.0004523068,"[42, 123, 456]","[0.6394417529910806, 0.6403119297513649, 0.63966274152309]"
cicids2017,DecisionTree,macro_f1,0.6182076175,0.0006441451,"[42, 123, 456]","[0.6176879846672773, 0.6189283125756745, 0.6180065551668662]"
cicids2017,DecisionTree,weighted_f1,0.6504757045,0.0005668743,"[42, 123, 456]","[0.6500188024584633, 0.651110082667656, 0.650298228400779]"
cicids2017,DecisionTree,mcc,0.4309156209,0.0008480197,"[42, 123, 456]","[0.4302441958525687, 0.4318686086850216, 0.4306340582089686]"
cicids2017,DecisionTree,log_loss,10.6686030124,0.0114567441,"[42, 123, 456]","[10.672042120819969, 10.655820620149822, 10.67794629620281]"
cicids2017,DecisionTree,macro_pr_auc_ovr,0.6196682978,0.0006291342,"[42, 123, 456]","[0.6202831910650077, 0.6196958730454888, 0.6190258294198211]"
cicids2017,DecisionTree,attack_pr_auc,0.5755210435,0.0004985258,"[42, 123, 456]","[0.5752595865978283, 0.5760959094728795, 0.5752076343607202]"
cicids2017,DecisionTree,default_attack_recall,0.2799142563,0.0008685459,"[42, 123, 456]","[0.2792093395126037, 0.28088452632708366, 0.2796489029949156]"
cicids2017,DecisionTree,false_alerts_per_10000_benign,3.0330676784,0.3694698810,"[42, 123, 456]","[3.258335304425061, 2.6066682435400486, 3.2341994873552453]"
cicids2017,DecisionTree,attack_recall_at_validation_1pct_fpr,0.2801784559,0.0008057225,"[42, 123, 456]","[0.279776964796849, 0.2811060386331306, 0.27965236412469757]"
cicids2017,DecisionTree,attack_precision_at_validation_1pct_fpr,0.9573429892,0.0301394988,"[42, 123, 456]","[0.9921447332891474, 0.9400775507841889, 0.939806683493655]"
cicids2017,DecisionTree,test_fpr_at_validation_1pct_fpr,0.0088433634,0.0063208350,"[42, 123, 456]","[0.001544692292468177, 0.012495112497043362, 0.012490285333629399]"
cicids2017,DecisionTree,threshold_false_alerts_per_10000_benign,88.4336337438,63.2083503161,"[42, 123, 456]","[15.44692292468177, 124.95112497043363, 124.90285333629399]"
cicids2017,RandomForest,accuracy,0.7047174171,0.0000601785,"[42, 123, 456]","[0.7047814061955648, 0.7047088852391414, 0.7046619599143968]"
cicids2017,RandomForest,balanced_accuracy,0.6407177798,0.0000719783,"[42, 123, 456]","[0.6407916396517561, 0.6407138563230657, 0.6406478435230254]"
cicids2017,RandomForest,macro_precision,0.8321730810,0.0000725128,"[42, 123, 456]","[0.8322424541423987, 0.8320977910435767, 0.8321789979352957]"
cicids2017,RandomForest,macro_recall,0.6407177798,0.0000719783,"[42, 123, 456]","[0.6407916396517561, 0.6407138563230657, 0.6406478435230254]"
cicids2017,RandomForest,macro_f1,0.6195383543,0.0001026867,"[42, 123, 456]","[0.6196403716491826, 0.6195396803481656, 0.619435011036948]"
cicids2017,RandomForest,weighted_f1,0.6516386689,0.0000902558,"[42, 123, 456]","[0.6517292168976853, 0.6516380815314743, 0.6515487081213152]"
cicids2017,RandomForest,mcc,0.4324010033,0.0001395116,"[42, 123, 456]","[0.4325596369548676, 0.4323459765239563, 0.43229739635227427]"
cicids2017,RandomForest,log_loss,5.6896903931,1.0053897987,"[42, 123, 456]","[4.9084701047855335, 6.8239938834064375, 5.336607190984034]"
cicids2017,RandomForest,macro_pr_auc_ovr,0.7627065603,0.0345095421,"[42, 123, 456]","[0.7912690046561401, 0.7243619099719223, 0.7724887663209524]"
cicids2017,RandomForest,attack_pr_auc,0.7431356045,0.0352488792,"[42, 123, 456]","[0.773327220571604, 0.7044001427466545, 0.7516794501219315]"
cicids2017,RandomForest,default_attack_recall,0.2818040331,0.0001414554,"[42, 123, 456]","[0.28193324865102465, 0.2818259536277832, 0.281652897138684]"
cicids2017,RandomForest,false_alerts_per_10000_benign,3.6847347393,0.2603239298,"[42, 123, 456]","[3.4996934751232134, 3.9824098165195188, 3.5721009263326593]"
cicids2017,RandomForest,attack_recall_at_validation_1pct_fpr,0.4578209419,0.0052742519,"[42, 123, 456]","[0.4638363854729461, 0.4539894712432032, 0.4556369690194273]"
cicids2017,RandomForest,attack_precision_at_validation_1pct_fpr,0.8790972508,0.0044296313,"[42, 123, 456]","[0.8784627082869017, 0.8838099345066437, 0.875019109719702]"
cicids2017,RandomForest,test_fpr_at_validation_1pct_fpr,0.0439175327,0.0020148551,"[42, 123, 456]","[0.044750218429144485, 0.04161980295518944, 0.045382576836373645]"
cicids2017,RandomForest,threshold_false_alerts_per_10000_benign,439.1753274024,20.1485505995,"[42, 123, 456]","[447.5021842914448, 416.1980295518944, 453.8257683637364]"
cicids2017,ExtraTrees,accuracy,0.6251766217,0.0051924595,"[42, 123, 456]","[0.6216339966867876, 0.6311370859373333, 0.6227587825011198]"
cicids2017,ExtraTrees,balanced_accuracy,0.5440081072,0.0063156435,"[42, 123, 456]","[0.5397029784921477, 0.5512583919519327, 0.5410629511622846]"
cicids2017,ExtraTrees,macro_precision,0.7992260170,0.0026210912,"[42, 123, 456]","[0.7972725525167335, 0.8022047736340878, 0.7982007249281242]"
cicids2017,ExtraTrees,macro_recall,0.5440081072,0.0063156435,"[42, 123, 456]","[0.5397029784921477, 0.5512583919519327, 0.5410629511622846]"
cicids2017,ExtraTrees,macro_f1,0.4606633943,0.0118389282,"[42, 123, 456]","[0.4525838046416723, 0.4742530789154429, 0.4551532992959068]"
cicids2017,ExtraTrees,weighted_f1,0.5137769331,0.0101817117,"[42, 123, 456]","[0.5068281004143684, 0.5254642993481267, 0.509038399408844]"
cicids2017,ExtraTrees,mcc,0.2291719301,0.0172225512,"[42, 123, 456]","[0.2172795964546851, 0.24892192138645564, 0.22131427251111865]"
cicids2017,ExtraTrees,log_loss,5.5160048087,0.5590833148,"[42, 123, 456]","[5.223027517020581, 5.164299332937225, 6.1606875762216]"
cicids2017,ExtraTrees,macro_pr_auc_ovr,0.7804881816,0.0226943808,"[42, 123, 456]","[0.7927952617454637, 0.7943705280495333, 0.7542987548612281]"
cicids2017,ExtraTrees,attack_pr_auc,0.7612995443,0.0256275815,"[42, 123, 456]","[0.7750015245602612, 0.7771634114092538, 0.7317336969730039]"
cicids2017,ExtraTrees,default_attack_recall,0.0888102828,0.0126145457,"[42, 123, 456]","[0.08022898834637603, 0.10329395721351363, 0.0829079027976312]"
cicids2017,ExtraTrees,false_alerts_per_10000_benign,7.9406838160,0.2519853281,"[42, 123, 456]","[8.230313620807005, 7.771733096480515, 7.820004730620146]"
cicids2017,ExtraTrees,attack_recall_at_validation_1pct_fpr,0.3482484953,0.0591785892,"[42, 123, 456]","[0.3251766041471257, 0.4154878635484195, 0.3040810181259367]"
cicids2017,ExtraTrees,attack_precision_at_validation_1pct_fpr,0.8620809910,0.0118982543,"[42, 123, 456]","[0.8617776554760594, 0.8741280128158451, 0.8503373048519633]"
cicids2017,ExtraTrees,test_fpr_at_validation_1pct_fpr,0.0384708834,0.0028547094,"[42, 123, 456]","[0.03637026274250462, 0.041721173386882665, 0.037321213935055345]"
cicids2017,ExtraTrees,threshold_false_alerts_per_10000_benign,384.7088335481,28.5470944442,"[42, 123, 456]","[363.7026274250462, 417.2117338688267, 373.21213935055346]"
cicids2017,BalancedRandomForest,accuracy,0.7049013265,0.0000855121,"[42, 123, 456]","[0.7049975470852975, 0.7048724128859786, 0.7048340194384602]"
cicids2017,BalancedRandomForest,balanced_accuracy,0.6409922310,0.0001036982,"[42, 123, 456]","[0.641107062918937, 0.6409642011412048, 0.6409054290862854]"
cicids2017,BalancedRandomForest,macro_precision,0.8316817833,0.0000803275,"[42, 123, 456]","[0.8317444336052524, 0.831591223725352, 0.8317096926365076]"
cicids2017,BalancedRandomForest,macro_recall,0.6409922310,0.0001036982,"[42, 123, 456]","[0.641107062918937, 0.6409642011412048, 0.6409054290862854]"
cicids2017,BalancedRandomForest,macro_f1,0.6199878030,0.0001491072,"[42, 123, 456]","[0.6201505180545134, 0.6199551880841663, 0.6198577029589097]"
cicids2017,BalancedRandomForest,weighted_f1,0.6520191067,0.0001307481,"[42, 123, 456]","[0.6521624223095298, 0.6519885647550118, 0.6519063328856124]"
cicids2017,BalancedRandomForest,mcc,0.4325022598,0.0001880116,"[42, 123, 456]","[0.4327192284414617, 0.4324002403231466, 0.43238731051235524]"
cicids2017,BalancedRandomForest,log_loss,4.3737260272,0.2132356119,"[42, 123, 456]","[4.151159783690083, 4.393808125830867, 4.576210172094799]"
cicids2017,BalancedRandomForest,macro_pr_auc_ovr,0.7993756619,0.0137958922,"[42, 123, 456]","[0.8121230167067834, 0.801275759227787, 0.7847282096724131]"
cicids2017,BalancedRandomForest,attack_pr_auc,0.7852335011,0.0175311102,"[42, 123, 456]","[0.7999896374043834, 0.7898567727356176, 0.7658540931375715]"
cicids2017,BalancedRandomForest,default_attack_recall,0.2825862485,0.0002086270,"[42, 123, 456]","[0.2828054533560845, 0.28256317427134564, 0.2823901177822465]"
cicids2017,BalancedRandomForest,false_alerts_per_10000_benign,6.0178637227,0.2919669132,"[42, 123, 456]","[5.91327518210474, 6.347719889361414, 5.792596096755664]"
cicids2017,BalancedRandomForest,attack_recall_at_validation_1pct_fpr,0.4554408383,0.0003624174,"[42, 123, 456]","[0.4553462341177407, 0.45584117567656435, 0.4551351052010397]"
cicids2017,BalancedRandomForest,attack_precision_at_validation_1pct_fpr,0.8867568317,0.0001609574,"[42, 123, 456]","[0.886660331452988, 0.8869426429884639, 0.8866675207508748]"
cicids2017,BalancedRandomForest,test_fpr_at_validation_1pct_fpr,0.0405586315,0.0000358263,"[42, 123, 456]","[0.04058920356630833, 0.040519209696805863, 0.040567481330945496]"
cicids2017,BalancedRandomForest,threshold_false_alerts_per_10000_benign,405.5863153135,0.3582631235,"[42, 123, 456]","[405.8920356630833, 405.19209696805865, 405.674813309455]"
cicids2017,EasyEnsemble,accuracy,0.6994878504,0.0005669408,"[42, 123, 456]","[0.6995385676400117, 0.6988972548685024, 0.7000277286009854]"
cicids2017,EasyEnsemble,balanced_accuracy,0.6369334499,0.0006979031,"[42, 123, 456]","[0.6371037692254622, 0.6361661522483746, 0.637530428307888]"
cicids2017,EasyEnsemble,macro_precision,0.8035116324,0.0009171581,"[42, 123, 456]","[0.8025566347508506, 0.8035926925029435, 0.8043855698009206]"
cicids2017,EasyEnsemble,macro_recall,0.6369334499,0.0006979031,"[42, 123, 456]","[0.6371037692254622, 0.6361661522483746, 0.637530428307888]"
cicids2017,EasyEnsemble,macro_f1,0.6168630275,0.0010115134,"[42, 123, 456]","[0.6172184759813444, 0.6157217672460035, 0.6176488392484007]"
cicids2017,EasyEnsemble,weighted_f1,0.6485893200,0.0008817497,"[42, 123, 456]","[0.6488715451232538, 0.6476010095265307, 0.649295405369025]"
cicids2017,EasyEnsemble,mcc,0.4077288356,0.0013259323,"[42, 123, 456]","[0.40734091387197063, 0.4066401297897185, 0.40920546323557866]"
cicids2017,EasyEnsemble,log_loss,0.6471997322,0.0040380957,"[42, 123, 456]","[0.6440113363858176, 0.6517404222260332, 0.645847437871262]"
cicids2017,EasyEnsemble,macro_pr_auc_ovr,0.6340965161,0.0078810867,"[42, 123, 456]","[0.6431882972221243, 0.6292097967851598, 0.6298914542384668]"
cicids2017,EasyEnsemble,attack_pr_auc,0.6746202352,0.0069436584,"[42, 123, 456]","[0.6817023871659943, 0.6678238966472964, 0.6743344217744756]"
cicids2017,EasyEnsemble,default_attack_recall,0.2861246768,0.0015231685,"[42, 123, 456]","[0.2869657313540286, 0.28436642288775904, 0.2870418762092322]"
cicids2017,EasyEnsemble,false_alerts_per_10000_benign,122.5777696252,4.3418539331,"[42, 123, 456]","[127.58192903104349, 120.3411839100989, 119.81019593456297]"
cicids2017,EasyEnsemble,attack_recall_at_validation_1pct_fpr,0.2811614167,0.0003146203,"[42, 123, 456]","[0.2809225987546855, 0.28151791307718665, 0.2810437382970549]"
cicids2017,EasyEnsemble,attack_precision_at_validation_1pct_fpr,0.9524186457,0.0046585819,"[42, 123, 456]","[0.9558832188997892, 0.947122662381518, 0.9542500558212779]"
cicids2017,EasyEnsemble,test_fpr_at_validation_1pct_fpr,0.0097991417,0.0010209279,"[42, 123, 456]","[0.009041277074352799, 0.010960074531403111, 0.009396073585279082]"
cicids2017,EasyEnsemble,threshold_false_alerts_per_10000_benign,97.9914173034,10.2092794431,"[42, 123, 456]","[90.41277074352799, 109.60074531403112, 93.96073585279082]"
