dataset,class,variant,metric,mean,sample_sd,seed_ids_json,seed_values_json
unsw,Analysis,raw,precision,0.0393244445,0.0055570681,"[42, 123, 456, 789, 1001, 2024, 31415, 65537, 77777, 99991]","[0.044226044226044224, 0.04112718964204113, 0.037116345467523196, 0.038922155688622756, 0.03304692663582287, 0.04805914972273567, 0.0392156862745098, 0.044813278008298756, 0.03714020427112349, 0.029577464788732393]"
unsw,Analysis,raw,recall,0.0738552437,0.0073690938,"[42, 123, 456, 789, 1001, 2024, 31415, 65537, 77777, 99991]","[0.07976366322008863, 0.07976366322008863, 0.07680945347119646, 0.07680945347119646, 0.07385524372230429, 0.07680945347119646, 0.07385524372230429, 0.07976366322008863, 0.059084194977843424, 0.0620384047267356]"
unsw,Analysis,raw,f1,0.0511954795,0.0060610585,"[42, 123, 456, 789, 1001, 2024, 31415, 65537, 77777, 99991]","[0.05690200210748156, 0.054271356783919596, 0.05004812319538017, 0.051664182811723795, 0.045662100456621, 0.059124502558271744, 0.05122950819672131, 0.057385759829968117, 0.04561003420752566, 0.04005722460658083]"
unsw,Analysis,smotenc_tomek_residual_weight,precision,0.0283435890,0.0141072219,"[42, 123, 456, 789, 1001, 2024, 31415, 65537, 77777, 99991]","[0.03201164059658058, 0.010159651669085631, 0.0091324200913242, 0.04882514494964907, 0.021415270018621976, 0.041758241758241756, 0.029006013441811106, 0.020702402957486137, 0.046987604496973194, 0.0234375]"
unsw,Analysis,smotenc_tomek_residual_weight,recall,0.1292466765,0.0733686581,"[42, 123, 456, 789, 1001, 2024, 31415, 65537, 77777, 99991]","[0.12998522895125553, 0.0413589364844904, 0.03545051698670606, 0.2363367799113737, 0.1019202363367799, 0.1964549483013294, 0.12112259970457903, 0.0827178729689808, 0.24076809453471196, 0.10635155096011817]"
unsw,Analysis,smotenc_tomek_residual_weight,f1,0.0464368598,0.0236737200,"[42, 123, 456, 789, 1001, 2024, 31415, 65537, 77777, 99991]","[0.05137186223000584, 0.01631226332653656, 0.014523449319213313, 0.08093070308548306, 0.035393690689920494, 0.06887622993267736, 0.04680365296803653, 0.03311649911295092, 0.07863000482392668, 0.03841024273139504]"
unsw,Backdoor,raw,precision,0.0320766551,0.0046386905,"[42, 123, 456, 789, 1001, 2024, 31415, 65537, 77777, 99991]","[0.027966742252456538, 0.03070175438596491, 0.03320754716981132, 0.030497592295345103, 0.03581267217630854, 0.02699309478970496, 0.03399209486166008, 0.026621160409556314, 0.03305249513933895, 0.04192139737991266]"
unsw,Backdoor,raw,recall,0.0727272727,0.0076794206,"[42, 123, 456, 789, 1001, 2024, 31415, 65537, 77777, 99991]","[0.0634648370497427, 0.07204116638078903, 0.07547169811320754, 0.06518010291595197, 0.06689536878216124, 0.07375643224699828, 0.07375643224699828, 0.06689536878216124, 0.08747855917667238, 0.0823327615780446]"
unsw,Backdoor,raw,f1,0.0443882450,0.0053176819,"[42, 123, 456, 789, 1001, 2024, 31415, 65537, 77777, 99991]","[0.03882476390346275, 0.043054843669912864, 0.04612159329140461, 0.04155276107162384, 0.04665071770334928, 0.03952205882352941, 0.046536796536796536, 0.0380859375, 0.04797742238946378, 0.05555555555555555]"
unsw,Backdoor,smotenc_tomek_residual_weight,precision,0.0509041643,0.0109826709,"[42, 123, 456, 789, 1001, 2024, 31415, 65537, 77777, 99991]","[0.04796559708898445, 0.06700842182350787, 0.06022408963585434, 0.02937365010799136, 0.06142288996906761, 0.04985754985754986, 0.04427767354596623, 0.04782270606531882, 0.043411448328851326, 0.05767761650114591]"
unsw,Backdoor,smotenc_tomek_residual_weight,recall,0.2319039451,0.0556561999,"[42, 123, 456, 789, 1001, 2024, 31415, 65537, 77777, 99991]","[0.24871355060034306, 0.313893653516295, 0.2950257289879931, 0.11663807890222985, 0.23842195540308747, 0.24013722126929674, 0.20240137221269297, 0.2109777015437393, 0.19382504288164665, 0.25900514579759865]"
unsw,Backdoor,smotenc_tomek_residual_weight,f1,0.0833984970,0.0181700230,"[42, 123, 456, 789, 1001, 2024, 31415, 65537, 77777, 99991]","[0.08042151968940654, 0.11044055522027761, 0.10002907822041292, 0.04692891649413389, 0.09768095572733661, 0.08257151282807432, 0.07266009852216748, 0.07797147385103011, 0.0709353421217828, 0.0943455170259294]"
unsw,DoS,raw,precision,0.5455344167,0.0720997946,"[42, 123, 456, 789, 1001, 2024, 31415, 65537, 77777, 99991]","[0.526060606060606, 0.5815295815295816, 0.6255924170616114, 0.5966850828729282, 0.45129224652087474, 0.4568023833167825, 0.6584158415841584, 0.47778981581798485, 0.509367681498829, 0.5718085106382979]"
unsw,DoS,raw,recall,0.1047688921,0.0054456018,"[42, 123, 456, 789, 1001, 2024, 31415, 65537, 77777, 99991]","[0.10613842015162632, 0.09855710442651015, 0.09684519442406456, 0.10564930300807043, 0.11102959158718513, 0.11249694301785278, 0.09757887013939838, 0.1078503301540719, 0.10638297872340426, 0.10516018586451455]"
unsw,DoS,raw,f1,0.1750775370,0.0046283471,"[42, 123, 456, 789, 1001, 2024, 31415, 65537, 77777, 99991]","[0.17663817663817663, 0.1685487243831033, 0.16772554002541296, 0.17951381674631206, 0.17821393523061826, 0.18053375196232338, 0.16996805111821087, 0.17597765363128492, 0.17600647380133522, 0.17764924602354884]"
unsw,DoS,smotenc_tomek_residual_weight,precision,0.3390394508,0.0123186508,"[42, 123, 456, 789, 1001, 2024, 31415, 65537, 77777, 99991]","[0.3408231835363293, 0.33684412102642664, 0.3323076923076923, 0.33798114689709347, 0.3291524135309768, 0.36595938854665755, 0.3269749518304432, 0.32536325179326836, 0.34491419003767265, 0.3500741682559864]"
unsw,DoS,smotenc_tomek_residual_weight,recall,0.4141110296,0.0141675445,"[42, 123, 456, 789, 1001, 2024, 31415, 65537, 77777, 99991]","[0.39691856199559794, 0.4301785277573979, 0.42259721203228173, 0.42088530202983615, 0.4235754463193935, 0.39227194913181707, 0.41501589630716557, 0.4326241134751773, 0.4030325262900465, 0.40401076057715823]"
unsw,DoS,smotenc_tomek_residual_weight,f1,0.3724634962,0.0042646582,"[42, 123, 456, 789, 1001, 2024, 31415, 65537, 77777, 99991]","[0.3667382216698678, 0.37783267103426055, 0.37205296587361397, 0.37490469447772573, 0.3704416639931558, 0.37865911237016053, 0.365772173725617, 0.3714045769473021, 0.3717153490470283, 0.3751135331516803]"
unsw,Exploits,raw,precision,0.5959963106,0.0030102105,"[42, 123, 456, 789, 1001, 2024, 31415, 65537, 77777, 99991]","[0.5937747456904429, 0.5963049349373926, 0.5929354445797808, 0.5948764867337603, 0.5984159396076976, 0.600622858922454, 0.5909994577986626, 0.5988332402407993, 0.5981642333518142, 0.5950357645044935]"
unsw,Exploits,raw,recall,0.8728710025,0.0046186747,"[42, 123, 456, 789, 1001, 2024, 31415, 65537, 77777, 99991]","[0.8756737333812432, 0.8727093065037729, 0.874595759971254, 0.8761228889687388, 0.8687567373338124, 0.8662414660438376, 0.8812432626661876, 0.8667804527488322, 0.8722601509162774, 0.8743262666187568]"
unsw,Exploits,raw,f1,0.7083229080,0.0008685239,"[42, 123, 456, 789, 1001, 2024, 31415, 65537, 77777, 99991]","[0.7076844894551526, 0.7085035005834306, 0.7067363530778165, 0.7086133614269626, 0.7086798812882424, 0.7093831610696288, 0.7075114492805885, 0.708313452009543, 0.7096656312808332, 0.7081378005747754]"
unsw,Exploits,smotenc_tomek_residual_weight,precision,0.7490804793,0.0093304838,"[42, 123, 456, 789, 1001, 2024, 31415, 65537, 77777, 99991]","[0.7437846722827204, 0.7545225073622213, 0.7513354980622184, 0.7563113974860041, 0.7564169722367732, 0.736410567871242, 0.7494503193382892, 0.7550762756443977, 0.7571868038612496, 0.7303097793075521]"
unsw,Exploits,smotenc_tomek_residual_weight,recall,0.6461462451,0.0038415452,"[42, 123, 456, 789, 1001, 2024, 31415, 65537, 77777, 99991]","[0.6503772906934963, 0.6444484369385555, 0.6443586058210564, 0.6431908012935681, 0.6485806683435142, 0.6535213798059648, 0.6430111390585699, 0.6447179302910528, 0.6412145167085879, 0.6480416816385196]"
unsw,Exploits,smotenc_tomek_residual_weight,f1,0.6937710323,0.0030269030,"[42, 123, 456, 789, 1001, 2024, 31415, 65537, 77777, 99991]","[0.6939518834467555, 0.6951550387596899, 0.6937472798491223, 0.6951793776396913, 0.6983604971707694, 0.6924944076912094, 0.6921626456510177, 0.6955468333575616, 0.6943917505715258, 0.6867206092336983]"
unsw,Fuzzers,raw,precision,0.3091610141,0.0045528512,"[42, 123, 456, 789, 1001, 2024, 31415, 65537, 77777, 99991]","[0.3136596571832479, 0.30860481586402266, 0.31373925250043866, 0.3136355618274828, 0.3074041034790366, 0.304627589246364, 0.3150173379567885, 0.30767877561790835, 0.3022943179781323, 0.30494872938029427]"
unsw,Fuzzers,raw,recall,0.5757835698,0.0109865226,"[42, 123, 456, 789, 1001, 2024, 31415, 65537, 77777, 99991]","[0.5856153084790499, 0.5750577367205543, 0.5899043220059387, 0.5866050808314087, 0.5684592543714946, 0.5701088749587595, 0.5844605740679644, 0.5770372814252722, 0.5564170240844606, 0.5641702408446058]"
unsw,Fuzzers,raw,f1,0.4023033452,0.0064569173,"[42, 123, 456, 789, 1001, 2024, 31415, 65537, 77777, 99991]","[0.4085155350978136, 0.40165917732457657, 0.40962199312714775, 0.40873563218390807, 0.3990273274664196, 0.3970816338254725, 0.40938240221849903, 0.40135390970110724, 0.39175377468060396, 0.39590206633096026]"
unsw,Fuzzers,smotenc_tomek_residual_weight,precision,0.2541720022,0.0011225903,"[42, 123, 456, 789, 1001, 2024, 31415, 65537, 77777, 99991]","[0.2532640306911701, 0.25505847410432525, 0.255257655884885, 0.2551557564872732, 0.2557320313948458, 0.2532835356364768, 0.2532346354814631, 0.2532805149789552, 0.2526561444451268, 0.25479724274979815]"
unsw,Fuzzers,smotenc_tomek_residual_weight,recall,0.6775486638,0.0044387091,"[42, 123, 456, 789, 1001, 2024, 31415, 65537, 77777, 99991]","[0.6751897063675355, 0.6799736060706038, 0.684757505773672, 0.6796436819531507, 0.6826129990102277, 0.6712306169580996, 0.6715605410755526, 0.675024744308809, 0.6786539096007919, 0.6768393269548004]"
unsw,Fuzzers,smotenc_tomek_residual_weight,f1,0.3696672481,0.0017370654,"[42, 123, 456, 789, 1001, 2024, 31415, 65537, 77777, 99991]","[0.36835710750123746, 0.3709670161544346, 0.37188675864540405, 0.3710207573506236, 0.3720721125747426, 0.3677859628508158, 0.3677839009847321, 0.3683499864974345, 0.3682255538151712, 0.37022332506203476]"
unsw,Generic,raw,precision,0.9978333271,0.0001911391,"[42, 123, 456, 789, 1001, 2024, 31415, 65537, 77777, 99991]","[0.9977670061543489, 0.9977682216536933, 0.9977139124755062, 0.9977144101001306, 0.9980943046934553, 0.9980933703764232, 0.9979850786908457, 0.9976589721254355, 0.9975518198139383, 0.9979861753660262]"
unsw,Generic,raw,recall,0.9712786816,0.0002976754,"[42, 123, 456, 789, 1001, 2024, 31415, 65537, 77777, 99991]","[0.970801759313232, 0.9713316729373113, 0.9713316729373113, 0.9715436383869429, 0.9713846642997191, 0.9709077420380477, 0.9711197074876795, 0.9710667161252716, 0.9716496211117588, 0.9716496211117588]"
unsw,Generic,raw,f1,0.9843769171,0.0001604033,"[42, 123, 456, 789, 1001, 2024, 31415, 65537, 77777, 99991]","[0.984099699183498, 0.9843724826808442, 0.9843460516070134, 0.9844551239025962, 0.9845583693638048, 0.9843128827764048, 0.9843691249932857, 0.9841832487445957, 0.9844303661548374, 0.9846418215014499]"
unsw,Generic,smotenc_tomek_residual_weight,precision,0.9992214469,0.0001607032,"[42, 123, 456, 789, 1001, 2024, 31415, 65537, 77777, 99991]","[0.9992868506226342, 0.9992325402916347, 0.999231950844854, 0.9991776315789473, 0.9992876712328768, 0.9992324561403508, 0.9993965328066711, 0.9987945865979946, 0.9992871634589022, 0.999287085275569]"
unsw,Generic,smotenc_tomek_residual_weight,recall,0.9657039902,0.0003669649,"[42, 123, 456, 789, 1001, 2024, 31415, 65537, 77777, 99991]","[0.9652906576228075, 0.9659265539717026, 0.9651846748979916, 0.9657675798844788, 0.966403476233374, 0.9658205712468868, 0.9653436489852154, 0.9659795453341106, 0.9657145885220709, 0.965608605797255]"
unsw,Generic,smotenc_tomek_residual_weight,f1,0.9821768039,0.0001803576,"[42, 123, 456, 789, 1001, 2024, 31415, 65537, 77777, 99991]","[0.9819946091644205, 0.982297308220839, 0.9819132591174964, 0.9821885694268546, 0.9825705126478274, 0.9822424618037778, 0.9820749885441656, 0.9821130327029793, 0.9822140778268836, 0.9821592195332292]"
unsw,Normal,raw,precision,0.9622524894,0.0020436753,"[42, 123, 456, 789, 1001, 2024, 31415, 65537, 77777, 99991]","[0.9638463124613376, 0.9617679330681662, 0.9660402128100601, 0.9635520439711439, 0.9617480719794345, 0.9618772364437105, 0.9631226053639846, 0.9619490358126722, 0.958974358974359, 0.9596470829628616]"
unsw,Normal,raw,recall,0.7576297297,0.0017458916,"[42, 123, 456, 789, 1001, 2024, 31415, 65537, 77777, 99991]","[0.758, 0.7580810810810811, 0.7557567567567568, 0.7580810810810811, 0.7583513513513513, 0.7555675675675676, 0.7609189189189189, 0.755, 0.7581081081081081, 0.7584324324324324]"
unsw,Normal,raw,f1,0.8477664518,0.0012308095,"[42, 123, 456, 789, 1001, 2024, 31415, 65537, 77777, 99991]","[0.8486187176616539, 0.847862886161659, 0.8480575015922118, 0.8485554379065194, 0.8480241783150737, 0.8463308307096149, 0.8501630631718806, 0.8460024227740763, 0.8467924528301887, 0.8472570272636696]"
unsw,Normal,smotenc_tomek_residual_weight,precision,0.9872426689,0.0010043382,"[42, 123, 456, 789, 1001, 2024, 31415, 65537, 77777, 99991]","[0.9861644553072626, 0.9868122270742358, 0.9868087708569931, 0.9862572845090023, 0.9895523692953313, 0.9879313349599164, 0.9874533298602066, 0.9872528048194875, 0.9876781407586056, 0.9865159713737127]"
unsw,Normal,smotenc_tomek_residual_weight,recall,0.6115297297,0.0016407876,"[42, 123, 456, 789, 1001, 2024, 31415, 65537, 77777, 99991]","[0.6106756756756757, 0.6107567567567568, 0.6105945945945946, 0.6129189189189189, 0.6118108108108108, 0.6128378378378379, 0.6147297297297297, 0.6112162162162162, 0.6087567567567568, 0.611]"
unsw,Normal,smotenc_tomek_residual_weight,f1,0.7552385398,0.0013171224,"[42, 123, 456, 789, 1001, 2024, 31415, 65537, 77777, 99991]","[0.7542729336359995, 0.7545242070116861, 0.7543994390089157, 0.756008934226756, 0.7561293339568441, 0.7564384841206299, 0.7577372822067495, 0.7550035888961223, 0.7532480561825934, 0.7546231390613526]"
unsw,Reconnaissance,raw,precision,0.9350050794,0.0016724218,"[42, 123, 456, 789, 1001, 2024, 31415, 65537, 77777, 99991]","[0.9357190192180251, 0.9337508239947264, 0.9350049488617618, 0.938558618399203, 0.9350778403444849, 0.9355371900826446, 0.9355584930601454, 0.9319750246467302, 0.9345670852610707, 0.9343017497523936]"
unsw,Reconnaissance,raw,recall,0.8093535469,0.0012228981,"[42, 123, 456, 789, 1001, 2024, 31415, 65537, 77777, 99991]","[0.8077803203661327, 0.8103546910755148, 0.8106407322654462, 0.8083524027459954, 0.8074942791762014, 0.8094965675057209, 0.8097826086956522, 0.8112128146453089, 0.8089244851258581, 0.8094965675057209]"
unsw,Reconnaissance,raw,f1,0.8676520701,0.0006247941,"[42, 123, 456, 789, 1001, 2024, 31415, 65537, 77777, 99991]","[0.867055572612834, 0.867687595712098, 0.8683928297839743, 0.8686030428769018, 0.866615502686109, 0.8679650360374176, 0.8681386077890217, 0.8674109191007799, 0.8672186445875498, 0.8674329501915709]"
unsw,Reconnaissance,smotenc_tomek_residual_weight,precision,0.8889596457,0.0040745407,"[42, 123, 456, 789, 1001, 2024, 31415, 65537, 77777, 99991]","[0.8849097030915213, 0.8867115737905695, 0.8899937849596022, 0.8871511806194419, 0.898936170212766, 0.8850259225373589, 0.8907120743034056, 0.8903225806451613, 0.8887861983980283, 0.8870472682627378]"
unsw,Reconnaissance,smotenc_tomek_residual_weight,recall,0.8257723112,0.0034600607,"[42, 123, 456, 789, 1001, 2024, 31415, 65537, 77777, 99991]","[0.8269450800915332, 0.8283752860411899, 0.8192219679633868, 0.8275171624713958, 0.8217963386727689, 0.830091533180778, 0.8229405034324943, 0.8289473684210527, 0.825228832951945, 0.8266590389016019]"
unsw,Reconnaissance,smotenc_tomek_residual_weight,f1,0.8561897293,0.0016162265,"[42, 123, 456, 789, 1001, 2024, 31415, 65537, 77777, 99991]","[0.8549460298684016, 0.8565513161786453, 0.8531426869228478, 0.8562971733017611, 0.8586371787208608, 0.8566789667896679, 0.855486173059768, 0.8585394756332395, 0.8558291308217146, 0.8557891619780871]"
unsw,Shellcode,raw,precision,0.3875009756,0.0164712130,"[42, 123, 456, 789, 1001, 2024, 31415, 65537, 77777, 99991]","[0.4013793103448276, 0.3785900783289817, 0.3795336787564767, 0.38350785340314136, 0.38188976377952755, 0.38193548387096776, 0.43023255813953487, 0.37869062901155326, 0.3793548387096774, 0.37989556135770236]"
unsw,Shellcode,raw,recall,0.7751322751,0.0058494264,"[42, 123, 456, 789, 1001, 2024, 31415, 65537, 77777, 99991]","[0.7698412698412699, 0.7671957671957672, 0.7751322751322751, 0.7751322751322751, 0.7698412698412699, 0.783068783068783, 0.783068783068783, 0.7804232804232805, 0.7777777777777778, 0.7698412698412699]"
unsw,Shellcode,raw,f1,0.5165316272,0.0148103005,"[42, 123, 456, 789, 1001, 2024, 31415, 65537, 77777, 99991]","[0.527651858567543, 0.506993006993007, 0.5095652173913043, 0.5131348511383538, 0.5105263157894737, 0.5134431916738942, 0.5553470919324578, 0.5099394987035436, 0.5099739809193409, 0.5087412587412588]"
unsw,Shellcode,smotenc_tomek_residual_weight,precision,0.2360033542,0.0036984888,"[42, 123, 456, 789, 1001, 2024, 31415, 65537, 77777, 99991]","[0.24140350877192981, 0.23378378378378378, 0.24130737134909597, 0.23244717109747784, 0.2366101694915254, 0.23128792987188132, 0.2355343771272975, 0.2318150917743032, 0.23842917251051893, 0.23741496598639455]"
unsw,Shellcode,smotenc_tomek_residual_weight,recall,0.9116402116,0.0087475109,"[42, 123, 456, 789, 1001, 2024, 31415, 65537, 77777, 99991]","[0.91005291005291, 0.9153439153439153, 0.917989417989418, 0.9021164021164021, 0.9232804232804233, 0.9074074074074074, 0.9153439153439153, 0.9021164021164021, 0.8994708994708994, 0.9232804232804233]"
unsw,Shellcode,smotenc_tomek_residual_weight,f1,0.3749296896,0.0049706287,"[42, 123, 456, 789, 1001, 2024, 31415, 65537, 77777, 99991]","[0.38158624514697725, 0.37244348762109797, 0.38215859030837, 0.36964769647696477, 0.3766864543982731, 0.36861902203116603, 0.3746616134271792, 0.36884802595997834, 0.376940133037694, 0.3777056277056277]"
unsw,Worms,raw,precision,0.6000264407,0.0263084433,"[42, 123, 456, 789, 1001, 2024, 31415, 65537, 77777, 99991]","[0.5769230769230769, 0.5714285714285714, 0.6176470588235294, 0.5625, 0.6129032258064516, 0.6206896551724138, 0.5806451612903226, 0.5925925925925926, 0.6285714285714286, 0.6363636363636364]"
unsw,Worms,raw,recall,0.4272727273,0.0511574031,"[42, 123, 456, 789, 1001, 2024, 31415, 65537, 77777, 99991]","[0.3409090909090909, 0.45454545454545453, 0.4772727272727273, 0.4090909090909091, 0.4318181818181818, 0.4090909090909091, 0.4090909090909091, 0.36363636363636365, 0.5, 0.4772727272727273]"
unsw,Worms,raw,f1,0.4979984439,0.0415077850,"[42, 123, 456, 789, 1001, 2024, 31415, 65537, 77777, 99991]","[0.42857142857142855, 0.5063291139240507, 0.5384615384615384, 0.47368421052631576, 0.5066666666666667, 0.4931506849315068, 0.48, 0.4507042253521127, 0.5569620253164557, 0.5454545454545454]"
unsw,Worms,smotenc_tomek_residual_weight,precision,0.4843627663,0.0343750122,"[42, 123, 456, 789, 1001, 2024, 31415, 65537, 77777, 99991]","[0.45714285714285713, 0.5, 0.47540983606557374, 0.4305555555555556, 0.4838709677419355, 0.5, 0.5, 0.4383561643835616, 0.5344827586206896, 0.5238095238095238]"
unsw,Worms,smotenc_tomek_residual_weight,recall,0.7068181818,0.0329349472,"[42, 123, 456, 789, 1001, 2024, 31415, 65537, 77777, 99991]","[0.7272727272727273, 0.75, 0.6590909090909091, 0.7045454545454546, 0.6818181818181818, 0.6590909090909091, 0.7045454545454546, 0.7272727272727273, 0.7045454545454546, 0.75]"
unsw,Worms,smotenc_tomek_residual_weight,f1,0.5739512181,0.0274519696,"[42, 123, 456, 789, 1001, 2024, 31415, 65537, 77777, 99991]","[0.5614035087719298, 0.6, 0.5523809523809524, 0.5344827586206896, 0.5660377358490566, 0.5686274509803921, 0.5849056603773585, 0.5470085470085471, 0.6078431372549019, 0.616822429906542]"
nslkdd,Normal,raw,precision,0.6782552065,0.0030172924,"[42, 123, 456, 789, 1001, 2024, 31415, 65537, 77777, 99991]","[0.6782071541445195, 0.6811688311688312, 0.6831403762662808, 0.6772111039380245, 0.6806056236481615, 0.6795794930875576, 0.677477218913683, 0.6760492766079358, 0.6766033679684701, 0.6725096194955109]"
nslkdd,Normal,raw,recall,0.9721346926,0.0001624571,"[42, 123, 456, 789, 1001, 2024, 31415, 65537, 77777, 99991]","[0.972299454227165, 0.9721964782205746, 0.9721964782205746, 0.9721964782205746, 0.9720935022139842, 0.9718875502008032, 0.972299454227165, 0.9719905262073937, 0.972299454227165, 0.9718875502008032]"
nslkdd,Normal,raw,f1,0.7990265006,0.0021115573,"[42, 123, 456, 789, 1001, 2024, 31415, 65537, 77777, 99991]","[0.7990521728092075, 0.8010691103474609, 0.8024308359185754, 0.7983257229832572, 0.8006445867435648, 0.7998644010339421, 0.7985453315290933, 0.7974485701009589, 0.7979379700836643, 0.7949463044851548]"
nslkdd,Normal,smotenc_tomek_residual_weight,precision,0.6981421779,0.0046153792,"[42, 123, 456, 789, 1001, 2024, 31415, 65537, 77777, 99991]","[0.7048273800627709, 0.6970681633557344, 0.7048102778607709, 0.6959663741611976, 0.6970457902511078, 0.7041738221458971, 0.6945323423357127, 0.694029301332548, 0.693393106489307, 0.695575221238938]"
nslkdd,Normal,smotenc_tomek_residual_weight,recall,0.9715374318,0.0004067226,"[42, 123, 456, 789, 1001, 2024, 31415, 65537, 77777, 99991]","[0.9712696941612604, 0.9719905262073937, 0.9716815981876222, 0.9718875502008032, 0.9718875502008032, 0.9711667181546699, 0.9718875502008032, 0.9707548141283081, 0.9715786221810319, 0.9712696941612604]"
nslkdd,Normal,smotenc_tomek_residual_weight,f1,0.8124488551,0.0031038367,"[42, 123, 456, 789, 1001, 2024, 31415, 65537, 77777, 99991]","[0.8168709132637596, 0.8118871494925167, 0.8170050651543357, 0.8111034719834995, 0.8118360500623629, 0.8163954293628809, 0.8101287553648069, 0.8093929767322057, 0.8092460759927953, 0.8106226634007992]"
nslkdd,DoS,raw,precision,0.9642301074,0.0002589789,"[42, 123, 456, 789, 1001, 2024, 31415, 65537, 77777, 99991]","[0.9643460888274167, 0.964482547458665, 0.9643789344388147, 0.964406259588831, 0.9644226345652507, 0.964329643296433, 0.9641588135331377, 0.9642199017199017, 0.9638572986446488, 0.9636989516507589]"
nslkdd,DoS,raw,recall,0.8389514615,0.0063338763,"[42, 123, 456, 789, 1001, 2024, 31415, 65537, 77777, 99991]","[0.8413783856261733, 0.8447304907481898, 0.8421828908554573, 0.8428533118798606, 0.8432555644945026, 0.8409761330115313, 0.8368195226602306, 0.8419147224456959, 0.8295789755966747, 0.825824617860016]"
nslkdd,DoS,raw,f1,0.8972281168,0.0037466793,"[42, 123, 456, 789, 1001, 2024, 31415, 65537, 77777, 99991]","[0.8986752595775153, 0.9006433166547534, 0.8991482356309498, 0.8995420721236406, 0.8997782387867516, 0.8984386191090101, 0.8959873663053621, 0.8989262705798139, 0.8916912877423074, 0.8894505018412882]"
nslkdd,DoS,smotenc_tomek_residual_weight,precision,0.9639726295,0.0002283184,"[42, 123, 456, 789, 1001, 2024, 31415, 65537, 77777, 99991]","[0.9640254302992712, 0.963653454488485, 0.9642140984112294, 0.9636932707355242, 0.9638460339722612, 0.9643244920117884, 0.9640820101741946, 0.9639807483310046, 0.9637590210229056, 0.9641477360531603]"
nslkdd,DoS,smotenc_tomek_residual_weight,recall,0.8316438724,0.0055245296,"[42, 123, 456, 789, 1001, 2024, 31415, 65537, 77777, 99991]","[0.8336015017430947, 0.8247519442209708, 0.8381603647090373, 0.8256905336551355, 0.8293108071869134, 0.8336015017430947, 0.8385626173236793, 0.8325288281040494, 0.8236792705819255, 0.8365513542504693]"
nslkdd,DoS,smotenc_tomek_residual_weight,f1,0.8929239488,0.0032716549,"[42, 123, 456, 789, 1001, 2024, 31415, 65537, 77777, 99991]","[0.8940821169195369, 0.8888086120945018, 0.8967792841259594, 0.889370306181398, 0.8915315315315315, 0.8942107155699389, 0.8969523126568663, 0.8934455716238578, 0.8882301908617698, 0.895828846291909]"
nslkdd,Probe,raw,precision,0.8158889217,0.0136988535,"[42, 123, 456, 789, 1001, 2024, 31415, 65537, 77777, 99991]","[0.8184183142559833, 0.8036082474226804, 0.7983911513323279, 0.841991341991342, 0.8037909836065574, 0.832807570977918, 0.8228180862250263, 0.8164456233421751, 0.8110195674562307, 0.8095983307250912]"
nslkdd,Probe,raw,recall,0.6468401487,0.0061911957,"[42, 123, 456, 789, 1001, 2024, 31415, 65537, 77777, 99991]","[0.6497315159025197, 0.6439487814952499, 0.6559273027674515, 0.6427096241222635, 0.6480793060718711, 0.654275092936803, 0.6464270962412226, 0.6356877323420075, 0.6505576208178439, 0.641057414291615]"
nslkdd,Probe,raw,f1,0.7215293226,0.0061371665,"[42, 123, 456, 789, 1001, 2024, 31415, 65537, 77777, 99991]","[0.7243840663136081, 0.7149736299013988, 0.7201814058956916, 0.7289763410634809, 0.7175851817973931, 0.732824427480916, 0.7240342354846172, 0.7148165350673479, 0.7219802887921155, 0.7155371138773629]"
nslkdd,Probe,smotenc_tomek_residual_weight,precision,0.8197603459,0.0087264588,"[42, 123, 456, 789, 1001, 2024, 31415, 65537, 77777, 99991]","[0.8258478460128322, 0.8352885969028625, 0.8169601482854495, 0.8022284122562674, 0.8133147113594041, 0.8179795282599021, 0.823728813559322, 0.8251099169516365, 0.8187470109995217, 0.8183984747378455]"
nslkdd,Probe,smotenc_tomek_residual_weight,recall,0.7218917803,0.0197671964,"[42, 123, 456, 789, 1001, 2024, 31415, 65537, 77777, 99991]","[0.7443205287071458, 0.7352333746385791, 0.728211482858323, 0.7137546468401487, 0.721602643535729, 0.7591904171829822, 0.7026022304832714, 0.6976456009913259, 0.7071458075175547, 0.7092110698058653]"
nslkdd,Probe,smotenc_tomek_residual_weight,f1,0.7675866645,0.0122863005,"[42, 123, 456, 789, 1001, 2024, 31415, 65537, 77777, 99991]","[0.7829676298066478, 0.7820738137082601, 0.7700371260100458, 0.7554098360655738, 0.764718756839571, 0.7874892887746359, 0.758359340169416, 0.7560429722470904, 0.7588652482269503, 0.7599026333259571]"
nslkdd,R2L,raw,precision,0.9802487227,0.0084530077,"[42, 123, 456, 789, 1001, 2024, 31415, 65537, 77777, 99991]","[0.9672131147540983, 0.9752475247524752, 0.9714285714285714, 0.990990990990991, 0.9783783783783784, 0.9833333333333333, 0.9861751152073732, 0.9941520467836257, 0.9769585253456221, 0.9786096256684492]"
nslkdd,R2L,raw,recall,0.0724037763,0.0077844167,"[42, 123, 456, 789, 1001, 2024, 31415, 65537, 77777, 99991]","[0.06427015250544663, 0.07153231663035585, 0.07407407407407407, 0.07988380537400146, 0.06572258533042846, 0.08569353667392883, 0.07770515613652869, 0.06172839506172839, 0.07697893972403776, 0.0664488017429194]"
nslkdd,R2L,raw,f1,0.1347599357,0.0135055633,"[42, 123, 456, 789, 1001, 2024, 31415, 65537, 77777, 99991]","[0.1205311542390194, 0.13328822733423545, 0.13765182186234817, 0.1478494623655914, 0.1231711466485199, 0.1576486305945224, 0.1440592393133625, 0.11623931623931624, 0.1427128912823965, 0.12444746684801088]"
nslkdd,R2L,smotenc_tomek_residual_weight,precision,0.9822819554,0.0045441016,"[42, 123, 456, 789, 1001, 2024, 31415, 65537, 77777, 99991]","[0.9839034205231388, 0.9785407725321889, 0.9898167006109979, 0.9776674937965261, 0.9875621890547264, 0.9764705882352941, 0.981029810298103, 0.9792626728110599, 0.9866071428571429, 0.9819587628865979]"
nslkdd,R2L,smotenc_tomek_residual_weight,recall,0.1542120552,0.0156955829,"[42, 123, 456, 789, 1001, 2024, 31415, 65537, 77777, 99991]","[0.1775599128540305, 0.1655773420479303, 0.17647058823529413, 0.1430646332607117, 0.14415395787944807, 0.15068990559186637, 0.13144517066085692, 0.15432098765432098, 0.16049382716049382, 0.1383442265795207]"
nslkdd,R2L,smotenc_tomek_residual_weight,f1,0.2662926161,0.0234654433,"[42, 123, 456, 789, 1001, 2024, 31415, 65537, 77777, 99991]","[0.300830513688096, 0.28322981366459626, 0.299537750385208, 0.24960405448210327, 0.25158428390367554, 0.26108839257628186, 0.23182837015690042, 0.266624843161857, 0.27607745159275454, 0.24252068746021643]"
nslkdd,U2R,raw,precision,0.7546320346,0.0399378120,"[42, 123, 456, 789, 1001, 2024, 31415, 65537, 77777, 99991]","[0.8, 0.7, 0.75, 0.8, 0.75, 0.7, 0.8, 0.7857142857142857, 0.7272727272727273, 0.7333333333333333]"
nslkdd,U2R,raw,recall,0.0485000000,0.0105540935,"[42, 123, 456, 789, 1001, 2024, 31415, 65537, 77777, 99991]","[0.04, 0.035, 0.045, 0.06, 0.06, 0.035, 0.06, 0.055, 0.04, 0.055]"
nslkdd,U2R,raw,f1,0.0909755099,0.0188382050,"[42, 123, 456, 789, 1001, 2024, 31415, 65537, 77777, 99991]","[0.0761904761904762, 0.06666666666666667, 0.08490566037735849, 0.11162790697674418, 0.1111111111111111, 0.06666666666666667, 0.11162790697674418, 0.102803738317757, 0.07582938388625593, 0.10232558139534884]"
nslkdd,U2R,smotenc_tomek_residual_weight,precision,0.7222536180,0.0510928694,"[42, 123, 456, 789, 1001, 2024, 31415, 65537, 77777, 99991]","[0.6470588235294118, 0.782608695652174, 0.75, 0.6666666666666666, 0.7297297297297297, 0.75, 0.7647058823529411, 0.6410256410256411, 0.75, 0.7407407407407407]"
nslkdd,U2R,smotenc_tomek_residual_weight,recall,0.1110000000,0.0174483364,"[42, 123, 456, 789, 1001, 2024, 31415, 65537, 77777, 99991]","[0.11, 0.09, 0.09, 0.12, 0.135, 0.12, 0.13, 0.125, 0.09, 0.1]"
nslkdd,U2R,smotenc_tomek_residual_weight,f1,0.1916670917,0.0258238205,"[42, 123, 456, 789, 1001, 2024, 31415, 65537, 77777, 99991]","[0.18803418803418803, 0.16143497757847533, 0.16071428571428573, 0.2033898305084746, 0.22784810126582278, 0.20689655172413793, 0.2222222222222222, 0.20920502092050208, 0.16071428571428573, 0.1762114537444934]"
cicids2017,BENIGN,raw,precision,0.6481204202,0.0224888647,"[42, 123, 456]","[0.6629356975962616, 0.6591824784067113, 0.6222430847108834]"
cicids2017,BENIGN,raw,recall,0.9998221995,0.0000145484,"[42, 123, 456]","[0.9998069134634415, 0.9998358764439252, 0.9998238085353903]"
cicids2017,BENIGN,raw,f1,0.7862896165,0.0166848542,"[42, 123, 456]","[0.7972462956440739, 0.7945352612974439, 0.767087292615112]"
cicids2017,BENIGN,smotenc_tomek_residual_weight,precision,0.6661562995,0.0000737733,"[42, 123, 456]","[0.6660711184299397, 0.6661980869724659, 0.6661996931163487]"
cicids2017,BENIGN,smotenc_tomek_residual_weight,recall,0.9996942797,0.0000174603,"[42, 123, 456]","[0.9996741664695575, 0.9997055430317483, 0.9997031294500413]"
cicids2017,BENIGN,smotenc_tomek_residual_weight,f1,0.7995346634,0.0000587053,"[42, 123, 456]","[0.7994668766732487, 0.7995683643499067, 0.799568749179581]"
cicids2017,ATTACK,raw,precision,0.9987080891,0.0005693279,"[42, 123, 456]","[0.998979396568221, 0.9990910184603456, 0.9980538523060517]"
cicids2017,ATTACK,raw,recall,0.2197621281,0.0783480827,"[42, 123, 456]","[0.2710237675782129, 0.25868830103522394, 0.12957431564811386]"
cicids2017,ATTACK,raw,f1,0.3555700085,0.1095633320,"[42, 123, 456]","[0.42637241769849826, 0.4109674155697052, 0.2293701923518762]"
cicids2017,ATTACK,smotenc_tomek_residual_weight,precision,0.9984453074,0.0000899285,"[42, 123, 456]","[0.9983417066909064, 0.9985032144084016, 0.99849100121456]"
cicids2017,ATTACK,smotenc_tomek_residual_weight,recall,0.2815606003,0.0002258326,"[42, 123, 456]","[0.2812998619009217, 0.28168750843650386, 0.2816944306960678]"
cicids2017,ATTACK,smotenc_tomek_residual_weight,f1,0.4392524162,0.0002835109,"[42, 123, 456]","[0.4389250726375252, 0.4394124681789591, 0.4394197076942181]"
