dataset,variant,metric,mean,sample_sd,seed_ids_json,seed_values_json
unsw,raw,accuracy,0.7679954331,0.0014881546,"[42, 123, 456, 789, 1001, 2024, 31415, 65537, 77777, 99991]","[0.7690691347228296, 0.7678909779915464, 0.768170334742263, 0.7694578049846961, 0.7674172861098966, 0.7661176699217801, 0.7709031725210125, 0.76626342126998, 0.76688286449983, 0.7677816644803964]"
unsw,raw,balanced_accuracy,0.5440672942,0.0046871713,"[42, 123, 456, 789, 1001, 2024, 31415, 65537, 77777, 99991]","[0.5357988402711477, 0.5459637644086844, 0.5503760592350179, 0.5432567135632571, 0.5427885942283681, 0.5427544739009673, 0.5444875310104795, 0.537966627116065, 0.5498082900002161, 0.5474720477796566]"
unsw,raw,macro_precision,0.5404711153,0.0076269440,"[42, 123, 456, 789, 1001, 2024, 31415, 65537, 77777, 99991]","[0.5381322520514413, 0.5401573904833141, 0.5498530818506498, 0.5420449805291758, 0.5315685095023095, 0.5335238011944201, 0.5545184315020613, 0.5318602524283531, 0.5379038463569712, 0.5451486072494351]"
unsw,raw,macro_recall,0.5440672942,0.0046871713,"[42, 123, 456, 789, 1001, 2024, 31415, 65537, 77777, 99991]","[0.5357988402711477, 0.5459637644086844, 0.5503760592350179, 0.5432567135632571, 0.5427885942283681, 0.5427544739009673, 0.5444875310104795, 0.537966627116065, 0.5498082900002161, 0.5474720477796566]"
unsw,raw,macro_f1,0.5095613025,0.0034770265,"[42, 123, 456, 789, 1001, 2024, 31415, 65537, 77777, 99991]","[0.5044562243799044, 0.5089282688216601, 0.5129076741553205, 0.5078512420591218, 0.5094624994966378, 0.5090847734368065, 0.5122646095237462, 0.5039357027347011, 0.5136390806168134, 0.5130829496243916]"
unsw,raw,weighted_f1,0.7809144837,0.0008528546,"[42, 123, 456, 789, 1001, 2024, 31415, 65537, 77777, 99991]","[0.7816786876482634, 0.780587558892754, 0.7810213525462016, 0.782015746155152, 0.7809382883108003, 0.7803117675178903, 0.7823522219159176, 0.7799913527467559, 0.7799024384336793, 0.7803454225698158]"
unsw,raw,mcc,0.7001201234,0.0020372695,"[42, 123, 456, 789, 1001, 2024, 31415, 65537, 77777, 99991]","[0.701679916361181, 0.6999404302406054, 0.7011449866243639, 0.702225524896901, 0.699029216835378, 0.6977305531909982, 0.7038309667213897, 0.6980437572531193, 0.6981266155022008, 0.6994492659188907]"
unsw,raw,log_loss,0.5323725197,0.0030915690,"[42, 123, 456, 789, 1001, 2024, 31415, 65537, 77777, 99991]","[0.5305660489699244, 0.532802562745597, 0.5312227988178282, 0.5311245002558037, 0.5321170812460824, 0.5382860618784018, 0.5264205712029794, 0.5333413419816411, 0.5352431898448151, 0.532601039747059]"
unsw,raw,macro_roc_auc_ovr,0.9633017127,0.0003134532,"[42, 123, 456, 789, 1001, 2024, 31415, 65537, 77777, 99991]","[0.963234627547018, 0.9634697937004004, 0.9636572084711125, 0.9635608746298356, 0.9631599847930431, 0.9625632836695306, 0.9635951063768392, 0.9632330893461566, 0.9632690403837204, 0.9632741180496474]"
unsw,raw,macro_pr_auc_ovr,0.5752693217,0.0022506799,"[42, 123, 456, 789, 1001, 2024, 31415, 65537, 77777, 99991]","[0.5765973473134522, 0.5737602437849011, 0.5762714836165638, 0.5736710647368113, 0.5775497377403096, 0.5711789571119719, 0.5766993352606132, 0.5776595786223959, 0.5727110456125943, 0.5765944231003253]"
unsw,raw,attack_pr_auc,0.9871304066,0.0002552278,"[42, 123, 456, 789, 1001, 2024, 31415, 65537, 77777, 99991]","[0.9875216833920412, 0.9871612662550219, 0.9875054360493807, 0.9872546192159427, 0.987068111178604, 0.9870409261044617, 0.9871799339705938, 0.9870165733594523, 0.9867856691894122, 0.9867698471537962]"
unsw,raw,default_attack_recall,0.9757389923,0.0013750129,"[42, 123, 456, 789, 1001, 2024, 31415, 65537, 77777, 99991]","[0.9767934351010323, 0.9754036883437748, 0.9783155386923145, 0.9765948998499956, 0.9753816288714374, 0.9755581046501368, 0.9762198888202595, 0.975624283067149, 0.973528633195094, 0.9739698226418424]"
unsw,raw,false_alerts_per_10000_benign,2423.7027027027,17.4589155634,"[42, 123, 456, 789, 1001, 2024, 31415, 65537, 77777, 99991]","[2420.0, 2419.189189189189, 2442.4324324324325, 2419.189189189189, 2416.4864864864867, 2444.324324324324, 2390.810810810811, 2450.0, 2418.9189189189187, 2415.675675675676]"
unsw,raw,attack_recall_at_validation_1pct_fpr,0.9045795465,0.0035153046,"[42, 123, 456, 789, 1001, 2024, 31415, 65537, 77777, 99991]","[0.8990558545839583, 0.906203123621283, 0.9037765816641666, 0.9061369452042707, 0.9059163504808965, 0.905475161034148, 0.8990779140562958, 0.9107694343951293, 0.9060707667872584, 0.9033133327450807]"
unsw,raw,attack_precision_at_validation_1pct_fpr,0.9592978011,0.0052756414,"[42, 123, 456, 789, 1001, 2024, 31415, 65537, 77777, 99991]","[0.9688584605144297, 0.9577320308675075, 0.9630482816980867, 0.9590483528285587, 0.9575852259478618, 0.9582584335239874, 0.9648225741542977, 0.9495193413366451, 0.9559874316303968, 0.9581178782844708]"
unsw,raw,test_fpr_at_validation_1pct_fpr,0.0470756757,0.0065214498,"[42, 123, 456, 789, 1001, 2024, 31415, 65537, 77777, 99991]","[0.035405405405405405, 0.049, 0.04248648648648649, 0.04740540540540541, 0.04916216216216216, 0.048324324324324326, 0.04016216216216216, 0.05932432432432432, 0.051108108108108105, 0.04837837837837838]"
unsw,raw,threshold_false_alerts_per_10000_benign,470.7567567568,65.2144981473,"[42, 123, 456, 789, 1001, 2024, 31415, 65537, 77777, 99991]","[354.05405405405406, 490.0, 424.86486486486484, 474.05405405405406, 491.6216216216216, 483.2432432432432, 401.6216216216216, 593.2432432432432, 511.0810810810811, 483.7837837837838]"
unsw,raw_weight,accuracy,0.6857953165,0.0005649120,"[42, 123, 456, 789, 1001, 2024, 31415, 65537, 77777, 99991]","[0.6858086770635962, 0.6852742554535296, 0.6857965311179128, 0.6860880338143128, 0.6849584608657631, 0.6858451149006461, 0.6853835689646796, 0.6868532283923626, 0.6854928824758296, 0.6864524121848127]"
unsw,raw_weight,balanced_accuracy,0.6432989904,0.0027008424,"[42, 123, 456, 789, 1001, 2024, 31415, 65537, 77777, 99991]","[0.6427720430648562, 0.6441916211845263, 0.646934210210011, 0.6426428357677458, 0.6437336916338128, 0.6387374711233683, 0.64040390017401, 0.6445263349864285, 0.6416044821370029, 0.6474433137614575]"
unsw,raw_weight,macro_precision,0.5333914924,0.0025444998,"[42, 123, 456, 789, 1001, 2024, 31415, 65537, 77777, 99991]","[0.5349773934059622, 0.5343246342473773, 0.535279850259464, 0.5344205640470532, 0.5373222830446043, 0.5346536565995962, 0.5288817634049432, 0.5318557553546567, 0.5310191160287052, 0.5311799080862226]"
unsw,raw_weight,macro_recall,0.6432989904,0.0027008424,"[42, 123, 456, 789, 1001, 2024, 31415, 65537, 77777, 99991]","[0.6427720430648562, 0.6441916211845263, 0.646934210210011, 0.6426428357677458, 0.6437336916338128, 0.6387374711233683, 0.64040390017401, 0.6445263349864285, 0.6416044821370029, 0.6474433137614575]"
unsw,raw_weight,macro_f1,0.5184559433,0.0019101923,"[42, 123, 456, 789, 1001, 2024, 31415, 65537, 77777, 99991]","[0.5214045078129266, 0.5173460579087552, 0.5196614782919504, 0.5196061043833716, 0.5205046506275657, 0.517400824562164, 0.5147357623899216, 0.5182338315336901, 0.5181177498632181, 0.5175484651478207]"
unsw,raw_weight,weighted_f1,0.7396687309,0.0004989453,"[42, 123, 456, 789, 1001, 2024, 31415, 65537, 77777, 99991]","[0.7394732947779509, 0.739071194442892, 0.7396860479673062, 0.7398000176221639, 0.739039765065545, 0.7396653490261968, 0.7394181115994992, 0.7406241548047923, 0.7395719724177306, 0.740337400909679]"
unsw,raw_weight,mcc,0.6243268674,0.0006975327,"[42, 123, 456, 789, 1001, 2024, 31415, 65537, 77777, 99991]","[0.6242194414980697, 0.6238334321937107, 0.6245907032350714, 0.6246025615126454, 0.6233239508100887, 0.624771534011226, 0.6236563968376235, 0.6256151109332925, 0.6237508581798598, 0.624904684995633]"
unsw,raw_weight,log_loss,0.7559989672,0.0021887950,"[42, 123, 456, 789, 1001, 2024, 31415, 65537, 77777, 99991]","[0.7578849447442612, 0.7530425374532911, 0.7589766345738583, 0.7544634795984508, 0.7536511270224733, 0.7579923996751781, 0.7546711466943801, 0.7572236412743463, 0.7578916176247829, 0.754192143624125]"
unsw,raw_weight,macro_roc_auc_ovr,0.9584024842,0.0002583222,"[42, 123, 456, 789, 1001, 2024, 31415, 65537, 77777, 99991]","[0.9580351647209726, 0.9584145247491769, 0.95868219651796, 0.9584386986640189, 0.9587536683773104, 0.9583699678246811, 0.958237645570042, 0.9581609109239333, 0.9581762390586676, 0.9587558255337095]"
unsw,raw_weight,macro_pr_auc_ovr,0.5692669517,0.0035864096,"[42, 123, 456, 789, 1001, 2024, 31415, 65537, 77777, 99991]","[0.567356284242783, 0.5692160408633862, 0.5727267152558408, 0.5674645362129497, 0.5751643273261797, 0.5734543867849647, 0.56585949480774, 0.5650909718688963, 0.5707288638221791, 0.5656078963140063]"
unsw,raw_weight,attack_pr_auc,0.9852968313,0.0001188702,"[42, 123, 456, 789, 1001, 2024, 31415, 65537, 77777, 99991]","[0.9854555689075485, 0.9853515958452691, 0.9852621801619861, 0.985183468800555, 0.9854482654971327, 0.9852312793795618, 0.9853729119221057, 0.9851774071130682, 0.985116706824113, 0.9853689287865206]"
unsw,raw_weight,default_attack_recall,0.9929056737,0.0003468010,"[42, 123, 456, 789, 1001, 2024, 31415, 65537, 77777, 99991]","[0.9929189093796876, 0.993095385158387, 0.9930292067413747, 0.9932939204094238, 0.9928747904350128, 0.9932056825200741, 0.9922791846819025, 0.9930512662137122, 0.9923012441542398, 0.9930071472690373]"
unsw,raw_weight,false_alerts_per_10000_benign,3855.4864864865,9.4856351697,"[42, 123, 456, 789, 1001, 2024, 31415, 65537, 77777, 99991]","[3854.054054054054, 3858.108108108108, 3862.4324324324325, 3851.891891891892, 3863.2432432432433, 3867.5675675675675, 3857.837837837838, 3845.945945945946, 3858.9189189189187, 3834.864864864865]"
unsw,raw_weight,attack_recall_at_validation_1pct_fpr,0.8981889173,0.0048852870,"[42, 123, 456, 789, 1001, 2024, 31415, 65537, 77777, 99991]","[0.8865040148239655, 0.9028280243536575, 0.8979087620224124, 0.9023868349069091, 0.9003573634518662, 0.8934086296655784, 0.9004456013412159, 0.9006000176475779, 0.8987029030265596, 0.8987470219712345]"
unsw,raw_weight,attack_precision_at_validation_1pct_fpr,0.9593689945,0.0051401597,"[42, 123, 456, 789, 1001, 2024, 31415, 65537, 77777, 99991]","[0.9710992436507745, 0.953586989445234, 0.959366456113887, 0.9557710280373832, 0.9572896144103574, 0.964906011007076, 0.9585074907246512, 0.9554858640703988, 0.9577319102919742, 0.9599453371660148]"
unsw,raw_weight,test_fpr_at_validation_1pct_fpr,0.0466648649,0.0063133577,"[42, 123, 456, 789, 1001, 2024, 31415, 65537, 77777, 99991]","[0.032324324324324326, 0.05383783783783784, 0.04659459459459459, 0.05116216216216216, 0.04921621621621622, 0.03981081081081081, 0.04775675675675676, 0.051405405405405405, 0.048594594594594594, 0.04594594594594595]"
unsw,raw_weight,threshold_false_alerts_per_10000_benign,466.6486486486,63.1335770510,"[42, 123, 456, 789, 1001, 2024, 31415, 65537, 77777, 99991]","[323.2432432432432, 538.3783783783783, 465.94594594594594, 511.6216216216216, 492.1621621621622, 398.1081081081081, 477.56756756756755, 514.0540540540541, 485.94594594594594, 459.4594594594595]"
unsw,random_over,accuracy,0.7357770976,0.0007319885,"[42, 123, 456, 789, 1001, 2024, 31415, 65537, 77777, 99991]","[0.7354491570713696, 0.7366273138026527, 0.7367973570422193, 0.7352912597774863, 0.7351819462663363, 0.7355584705825196, 0.7361050381382694, 0.7361900597580527, 0.7361657678666861, 0.7344046057426031]"
unsw,random_over,balanced_accuracy,0.6280050279,0.0040656366,"[42, 123, 456, 789, 1001, 2024, 31415, 65537, 77777, 99991]","[0.6226363822397474, 0.6248931546079333, 0.6317529676773525, 0.6274084071794018, 0.6251073632117021, 0.6262568301602315, 0.6253894356169009, 0.629199599853328, 0.6313367264353751, 0.6360694120832298]"
unsw,random_over,macro_precision,0.5433829782,0.0028902311,"[42, 123, 456, 789, 1001, 2024, 31415, 65537, 77777, 99991]","[0.5408666104150803, 0.5405810155932147, 0.54815195786408, 0.5430702954370311, 0.5464413276106093, 0.5415936392828508, 0.5449098384823616, 0.5427398603595088, 0.5394192027305238, 0.5460560346859074]"
unsw,random_over,macro_recall,0.6280050279,0.0040656366,"[42, 123, 456, 789, 1001, 2024, 31415, 65537, 77777, 99991]","[0.6226363822397474, 0.6248931546079333, 0.6317529676773525, 0.6274084071794018, 0.6251073632117021, 0.6262568301602315, 0.6253894356169009, 0.629199599853328, 0.6313367264353751, 0.6360694120832298]"
unsw,random_over,macro_f1,0.5219002861,0.0029368120,"[42, 123, 456, 789, 1001, 2024, 31415, 65537, 77777, 99991]","[0.5199949453379543, 0.5185716669048439, 0.5259390778580804, 0.5234534522253501, 0.5227347765386969, 0.5192490223936452, 0.5220343614032321, 0.5252403909010859, 0.5174823920818497, 0.5243027750638158]"
unsw,random_over,weighted_f1,0.7752941342,0.0007572813,"[42, 123, 456, 789, 1001, 2024, 31415, 65537, 77777, 99991]","[0.7752713822286702, 0.7770236373265437, 0.775722414407636, 0.774983565960069, 0.7749028433357514, 0.7748419160239504, 0.7755192873882799, 0.7755586592575274, 0.7749650457004963, 0.7741525898759185]"
unsw,random_over,mcc,0.6652505640,0.0010048872,"[42, 123, 456, 789, 1001, 2024, 31415, 65537, 77777, 99991]","[0.6649990708669941, 0.6661793389277274, 0.6671163732169485, 0.6645876893474514, 0.6644424413555862, 0.6653081246501936, 0.6652321732793282, 0.6654194048797859, 0.6657803647020151, 0.6634406588983276]"
unsw,random_over,log_loss,0.6130870509,0.0023125741,"[42, 123, 456, 789, 1001, 2024, 31415, 65537, 77777, 99991]","[0.6133022236177301, 0.6129647065221873, 0.6101032025885396, 0.6146301962159185, 0.6148692475771708, 0.6143405426405978, 0.6087350210095895, 0.6113004050813802, 0.6152874340437406, 0.6153375301639586]"
unsw,random_over,macro_roc_auc_ovr,0.9610366220,0.0002707511,"[42, 123, 456, 789, 1001, 2024, 31415, 65537, 77777, 99991]","[0.9610731315522921, 0.9612916953972359, 0.9613519194579212, 0.9608586290589439, 0.9609406131034379, 0.9611083922209624, 0.9611026078510043, 0.9604227611448204, 0.9609402157395287, 0.9612762549486661]"
unsw,random_over,macro_pr_auc_ovr,0.5750666951,0.0030889768,"[42, 123, 456, 789, 1001, 2024, 31415, 65537, 77777, 99991]","[0.57384566142892, 0.5701028041163398, 0.5796704435817434, 0.5746115205822374, 0.576100511551615, 0.5751322900371407, 0.5765628281312133, 0.5786595893895623, 0.5703922982369581, 0.57558900437171]"
unsw,random_over,attack_pr_auc,0.9867041212,0.0002057042,"[42, 123, 456, 789, 1001, 2024, 31415, 65537, 77777, 99991]","[0.9868440910113778, 0.9869238891511419, 0.9871131074606773, 0.9864926124952589, 0.9866328676565391, 0.9867482002777733, 0.986623544357661, 0.9864412818545756, 0.9865893467107412, 0.9866322708899453]"
unsw,random_over,default_attack_recall,0.9772478602,0.0008849610,"[42, 123, 456, 789, 1001, 2024, 31415, 65537, 77777, 99991]","[0.977609635577517, 0.9772566840201182, 0.9793302744198359, 0.9769478514073944, 0.9774552192711551, 0.9777861113562164, 0.9765948998499956, 0.9764184240712962, 0.9766831377393452, 0.9763963645989588]"
unsw,random_over,false_alerts_per_10000_benign,2650.8378378378,11.4937797019,"[42, 123, 456, 789, 1001, 2024, 31415, 65537, 77777, 99991]","[2653.5135135135133, 2635.4054054054054, 2665.135135135135, 2660.810810810811, 2660.0, 2661.6216216216217, 2635.945945945946, 2647.5675675675675, 2636.4864864864867, 2651.891891891892]"
unsw,random_over,attack_recall_at_validation_1pct_fpr,0.9083384805,0.0033782745,"[42, 123, 456, 789, 1001, 2024, 31415, 65537, 77777, 99991]","[0.9014382775963999, 0.9121591811523868, 0.9071075619871173, 0.9099532339186447, 0.9105929586164299, 0.9039530574428659, 0.9076811082678903, 0.9102620665313685, 0.9110120885908409, 0.9092252713315098]"
unsw,random_over,attack_precision_at_validation_1pct_fpr,0.9564225418,0.0047654021,"[42, 123, 456, 789, 1001, 2024, 31415, 65537, 77777, 99991]","[0.9665318479623454, 0.9524577325286774, 0.9587326012450165, 0.9534265572633769, 0.9536780334534701, 0.9622185173879353, 0.9571963616907437, 0.9526931868030384, 0.9529061584254367, 0.9543844212378725]"
unsw,random_over,test_fpr_at_validation_1pct_fpr,0.0507513514,0.0059323185,"[42, 123, 456, 789, 1001, 2024, 31415, 65537, 77777, 99991]","[0.03824324324324324, 0.055783783783783784, 0.047837837837837835, 0.05445945945945946, 0.05418918918918919, 0.04348648648648649, 0.04972972972972973, 0.055378378378378376, 0.05516216216216216, 0.05324324324324324]"
unsw,random_over,threshold_false_alerts_per_10000_benign,507.5135135135,59.3231853612,"[42, 123, 456, 789, 1001, 2024, 31415, 65537, 77777, 99991]","[382.43243243243245, 557.8378378378378, 478.3783783783784, 544.5945945945946, 541.8918918918919, 434.86486486486484, 497.2972972972973, 553.7837837837837, 551.6216216216217, 532.4324324324324]"
unsw,smotenc,accuracy,0.7560268182,0.0012911673,"[42, 123, 456, 789, 1001, 2024, 31415, 65537, 77777, 99991]","[0.7551498809697323, 0.7586114754894816, 0.7565102268862653, 0.7565952485060486, 0.7551498809697323, 0.7574454647038819, 0.7558543458193655, 0.7555021133945489, 0.7542146431521158, 0.7552349025895156]"
unsw,smotenc,balanced_accuracy,0.5712128827,0.0077117950,"[42, 123, 456, 789, 1001, 2024, 31415, 65537, 77777, 99991]","[0.5714462281395175, 0.5662930313572707, 0.558025639263884, 0.5659912345991155, 0.564785991198366, 0.5761971215963257, 0.5786608666293872, 0.5769876831420078, 0.5701313884792563, 0.5836096429318514]"
unsw,smotenc,macro_precision,0.5147424524,0.0046102704,"[42, 123, 456, 789, 1001, 2024, 31415, 65537, 77777, 99991]","[0.5169161028393641, 0.5125251396745705, 0.5136025322745441, 0.5098367225295206, 0.5109008207683199, 0.5204116040894468, 0.5180465497512146, 0.5132572040655262, 0.5091345727999586, 0.5227932756790441]"
unsw,smotenc,macro_recall,0.5712128827,0.0077117950,"[42, 123, 456, 789, 1001, 2024, 31415, 65537, 77777, 99991]","[0.5714462281395175, 0.5662930313572707, 0.558025639263884, 0.5659912345991155, 0.564785991198366, 0.5761971215963257, 0.5786608666293872, 0.5769876831420078, 0.5701313884792563, 0.5836096429318514]"
unsw,smotenc,macro_f1,0.5118815626,0.0055414890,"[42, 123, 456, 789, 1001, 2024, 31415, 65537, 77777, 99991]","[0.5144259251872281, 0.5074389182109849, 0.5036536668761471, 0.5080144930237211, 0.5064262002851663, 0.5188881799057691, 0.517384306875034, 0.5157158248650546, 0.5090264685225788, 0.5178416418761896]"
unsw,smotenc,weighted_f1,0.7825455255,0.0008903027,"[42, 123, 456, 789, 1001, 2024, 31415, 65537, 77777, 99991]","[0.7815570745092738, 0.7829608148378407, 0.7821630424186681, 0.7837099060723964, 0.7812836132569012, 0.7838946187333908, 0.7826219376698185, 0.7831660853909115, 0.7817442432481247, 0.7823539189933222]"
unsw,smotenc,mcc,0.6852606857,0.0016739865,"[42, 123, 456, 789, 1001, 2024, 31415, 65537, 77777, 99991]","[0.6839733781979482, 0.688413782660743, 0.6861729778680106, 0.6861167599532727, 0.6844308903314462, 0.6867542006636429, 0.685066260882729, 0.6846776608318912, 0.6823686177553742, 0.6846323273843915]"
unsw,smotenc,log_loss,0.5620987146,0.0026946400,"[42, 123, 456, 789, 1001, 2024, 31415, 65537, 77777, 99991]","[0.5641079265525516, 0.5596135857956923, 0.5639506968217176, 0.5596073617964774, 0.5618411878096209, 0.560587944107179, 0.5598143215424262, 0.5603192807762648, 0.56787822165757, 0.5632666189533988]"
unsw,smotenc,macro_roc_auc_ovr,0.9622027117,0.0004282212,"[42, 123, 456, 789, 1001, 2024, 31415, 65537, 77777, 99991]","[0.9614485766390581, 0.9622860728144399, 0.9617344157534797, 0.9623364165225066, 0.9625251802846012, 0.9622639481896063, 0.962725056518585, 0.9620199775864837, 0.9619056919228347, 0.9627817807601614]"
unsw,smotenc,macro_pr_auc_ovr,0.5656488205,0.0038213717,"[42, 123, 456, 789, 1001, 2024, 31415, 65537, 77777, 99991]","[0.5646131579390501, 0.5599686817928867, 0.566742670473052, 0.5646438694174952, 0.5654716784073368, 0.5683369234860873, 0.5697279641440631, 0.5656214979032569, 0.5596815709117525, 0.5716801905822011]"
unsw,smotenc,attack_pr_auc,0.9870703278,0.0001901455,"[42, 123, 456, 789, 1001, 2024, 31415, 65537, 77777, 99991]","[0.9870737918673362, 0.9873033282104334, 0.9871402927064337, 0.9872629915225597, 0.9869305471384099, 0.9870960183324896, 0.9869251314592402, 0.9871006433789447, 0.9866610407667645, 0.9872094922538494]"
unsw,smotenc,default_attack_recall,0.9760081179,0.0011373031,"[42, 123, 456, 789, 1001, 2024, 31415, 65537, 77777, 99991]","[0.9753154504544251, 0.9769919703520692, 0.9774993382158299, 0.9770581487690815, 0.9760654725138974, 0.9756463425394865, 0.9755139857054619, 0.9762419482925968, 0.9734845142504192, 0.9762640077649343]"
unsw,smotenc,false_alerts_per_10000_benign,2504.7027027027,15.1935808470,"[42, 123, 456, 789, 1001, 2024, 31415, 65537, 77777, 99991]","[2506.7567567567567, 2482.972972972973, 2516.7567567567567, 2507.027027027027, 2529.7297297297296, 2484.054054054054, 2507.027027027027, 2509.4594594594596, 2488.3783783783783, 2514.864864864865]"
unsw,smotenc,attack_recall_at_validation_1pct_fpr,0.9090245301,0.0048639394,"[42, 123, 456, 789, 1001, 2024, 31415, 65537, 77777, 99991]","[0.8997617576987559, 0.9136592252713315, 0.9069972646254302, 0.9111003264801906, 0.9101958881143563, 0.9082325950763258, 0.9041736521662402, 0.9143430689137916, 0.906622253595694, 0.9151592693902761]"
unsw,smotenc,attack_precision_at_validation_1pct_fpr,0.9552067227,0.0052765253,"[42, 123, 456, 789, 1001, 2024, 31415, 65537, 77777, 99991]","[0.9661510765805245, 0.9498452012383901, 0.9572768969290587, 0.955092035889372, 0.9533723052750757, 0.956020991037013, 0.9595467740425133, 0.9491847577173216, 0.9564579939492669, 0.9491191946922901]"
unsw,smotenc,test_fpr_at_validation_1pct_fpr,0.0522891892,0.0066768859,"[42, 123, 456, 789, 1001, 2024, 31415, 65537, 77777, 99991]","[0.038621621621621624, 0.059108108108108105, 0.049594594594594595, 0.05248648648648649, 0.05454054054054054, 0.05118918918918919, 0.0467027027027027, 0.05997297297297297, 0.05056756756756757, 0.060108108108108106]"
unsw,smotenc,threshold_false_alerts_per_10000_benign,522.8918918919,66.7688588561,"[42, 123, 456, 789, 1001, 2024, 31415, 65537, 77777, 99991]","[386.2162162162162, 591.081081081081, 495.94594594594594, 524.8648648648649, 545.4054054054054, 511.8918918918919, 467.02702702702703, 599.7297297297297, 505.6756756756757, 601.081081081081]"
unsw,smotenc_tomek,accuracy,0.7513008308,0.0012752080,"[42, 123, 456, 789, 1001, 2024, 31415, 65537, 77777, 99991]","[0.7498056648690667, 0.7494655783899334, 0.75, 0.7517490161783996, 0.7520283729291163, 0.7525385026478162, 0.7526963999416995, 0.7506558810668998, 0.7511295729485498, 0.752939318855366]"
unsw,smotenc_tomek,balanced_accuracy,0.5742052285,0.0075052317,"[42, 123, 456, 789, 1001, 2024, 31415, 65537, 77777, 99991]","[0.5760847765101303, 0.5736437942439412, 0.5545504976081518, 0.5758728801957042, 0.5830252891471909, 0.5786231860333954, 0.5780616129885386, 0.574647330283595, 0.5745663858614818, 0.5729765321596291]"
unsw,smotenc_tomek,macro_precision,0.5063343966,0.0077431776,"[42, 123, 456, 789, 1001, 2024, 31415, 65537, 77777, 99991]","[0.5108788138820616, 0.5004116917925244, 0.4974114050657817, 0.49737750367697736, 0.5145696793345188, 0.5084284066379604, 0.5021535104907691, 0.5006484520740937, 0.5121698480944109, 0.5192946550818486]"
unsw,smotenc_tomek,macro_recall,0.5742052285,0.0075052317,"[42, 123, 456, 789, 1001, 2024, 31415, 65537, 77777, 99991]","[0.5760847765101303, 0.5736437942439412, 0.5545504976081518, 0.5758728801957042, 0.5830252891471909, 0.5786231860333954, 0.5780616129885386, 0.574647330283595, 0.5745663858614818, 0.5729765321596291]"
unsw,smotenc_tomek,macro_f1,0.5061549621,0.0064268902,"[42, 123, 456, 789, 1001, 2024, 31415, 65537, 77777, 99991]","[0.5083097057659421, 0.5032778907331674, 0.4902769945146753, 0.5044114661450471, 0.5133883135359797, 0.5111590311413723, 0.5055831681635006, 0.5075053850923034, 0.5110514412574098, 0.5065862250771829]"
unsw,smotenc_tomek,weighted_f1,0.7785514925,0.0012255499,"[42, 123, 456, 789, 1001, 2024, 31415, 65537, 77777, 99991]","[0.7769024792163068, 0.7775671255291519, 0.7766671197038186, 0.7793365700571782, 0.7784262807488598, 0.7805377947487766, 0.7783660795854905, 0.7795586393864047, 0.779301618482017, 0.7788512171871029]"
unsw,smotenc_tomek,mcc,0.6799912327,0.0014146511,"[42, 123, 456, 789, 1001, 2024, 31415, 65537, 77777, 99991]","[0.6784349516936908, 0.6779220381878185, 0.6785815879106246, 0.6801212630748954, 0.6813599101642777, 0.6808598874832875, 0.6814253249219558, 0.6793875700915978, 0.6797770243808833, 0.6820427692403996]"
unsw,smotenc_tomek,log_loss,0.5821493870,0.0024938933,"[42, 123, 456, 789, 1001, 2024, 31415, 65537, 77777, 99991]","[0.5854333179551798, 0.5810049496160034, 0.5809298656872222, 0.5816431706205917, 0.5787952523511648, 0.5839420035036135, 0.57798746188033, 0.5831720660079099, 0.5845354798530251, 0.5840503025774646]"
unsw,smotenc_tomek,macro_roc_auc_ovr,0.9611982580,0.0003221688,"[42, 123, 456, 789, 1001, 2024, 31415, 65537, 77777, 99991]","[0.9609199384117625, 0.9615248562444083, 0.9611698395075132, 0.961207733382152, 0.9618022445480088, 0.960975774589693, 0.9612354081032473, 0.960737654683572, 0.960958399109952, 0.961450731206375]"
unsw,smotenc_tomek,macro_pr_auc_ovr,0.5568030094,0.0031856645,"[42, 123, 456, 789, 1001, 2024, 31415, 65537, 77777, 99991]","[0.5526624526371882, 0.5541904568108189, 0.5550938583012379, 0.5555309532475894, 0.5643286411205551, 0.5570676748437624, 0.5554929659070711, 0.5571944803705163, 0.5579556466780811, 0.558512963890385]"
unsw,smotenc_tomek,attack_pr_auc,0.9869764103,0.0001579482,"[42, 123, 456, 789, 1001, 2024, 31415, 65537, 77777, 99991]","[0.9867443035732937, 0.9869547336475443, 0.9868532382492208, 0.9868561786296128, 0.9873416812512773, 0.9869776379203649, 0.9870187201980017, 0.9869890396964222, 0.9870483096059147, 0.9869802606960456]"
unsw,smotenc_tomek,default_attack_recall,0.9770515309,0.0008933436,"[42, 123, 456, 789, 1001, 2024, 31415, 65537, 77777, 99991]","[0.9769037324627194, 0.9774111003264802, 0.9764404835436337, 0.975778699373511, 0.9787567281390629, 0.9759992940968852, 0.9770581487690815, 0.9780508250242654, 0.9769478514073944, 0.9771684461307686]"
unsw,smotenc_tomek,false_alerts_per_10000_benign,2563.5945945946,26.5446594114,"[42, 123, 456, 789, 1001, 2024, 31415, 65537, 77777, 99991]","[2590.2702702702704, 2590.0, 2596.4864864864867, 2545.675675675676, 2572.162162162162, 2521.891891891892, 2532.7027027027025, 2581.891891891892, 2561.891891891892, 2542.972972972973]"
unsw,smotenc_tomek,attack_recall_at_validation_1pct_fpr,0.9012397423,0.0067472342,"[42, 123, 456, 789, 1001, 2024, 31415, 65537, 77777, 99991]","[0.885224565428395, 0.9038207006088415, 0.9008647313156269, 0.9033133327450807, 0.9016588723197742, 0.8991661519456454, 0.8976661078267008, 0.9112547427865525, 0.9042398305832524, 0.9051883878937615]"
unsw,smotenc_tomek,attack_precision_at_validation_1pct_fpr,0.9620446345,0.0067724777,"[42, 123, 456, 789, 1001, 2024, 31415, 65537, 77777, 99991]","[0.9760184847379302, 0.9589701579871269, 0.9627289657936302, 0.961582716919103, 0.9630327733666328, 0.9652371592981127, 0.9660747352927211, 0.949523043328353, 0.9586519797001801, 0.9586263286999183]"
unsw,smotenc_tomek,test_fpr_at_validation_1pct_fpr,0.0436675676,0.0083541454,"[42, 123, 456, 789, 1001, 2024, 31415, 65537, 77777, 99991]","[0.02664864864864865, 0.047378378378378376, 0.04272972972972973, 0.044216216216216214, 0.042405405405405404, 0.039675675675675676, 0.038621621621621624, 0.059351351351351354, 0.047783783783783784, 0.04786486486486487]"
unsw,smotenc_tomek,threshold_false_alerts_per_10000_benign,436.6756756757,83.5414542607,"[42, 123, 456, 789, 1001, 2024, 31415, 65537, 77777, 99991]","[266.4864864864865, 473.7837837837838, 427.2972972972973, 442.1621621621622, 424.05405405405406, 396.7567567567568, 386.2162162162162, 593.5135135135135, 477.8378378378378, 478.64864864864865]"
unsw,smotenc_tomek_weight,accuracy,0.6798219404,0.0010036313,"[42, 123, 456, 789, 1001, 2024, 31415, 65537, 77777, 99991]","[0.6807924014963805, 0.6805859204197638, 0.679893601515814, 0.6810353204100471, 0.6803187096147306, 0.6804401690715639, 0.6795413690909974, 0.6785454015449643, 0.6789826555895642, 0.6780838556089978]"
unsw,smotenc_tomek_weight,balanced_accuracy,0.6363350246,0.0044458061,"[42, 123, 456, 789, 1001, 2024, 31415, 65537, 77777, 99991]","[0.6353155874141242, 0.6414785697263904, 0.6306233324944717, 0.6304441542913235, 0.6435340013344939, 0.6365788520536457, 0.6356221703580655, 0.6329311300043652, 0.6361237533566235, 0.6406986953148388]"
unsw,smotenc_tomek_weight,macro_precision,0.4829108452,0.0053365519,"[42, 123, 456, 789, 1001, 2024, 31415, 65537, 77777, 99991]","[0.4788186050606352, 0.4895973283747483, 0.477999763466896, 0.48317905274332607, 0.4880648587271157, 0.48830356248852214, 0.47968274804966005, 0.4758785590756654, 0.4786155408142819, 0.48896843318163025]"
unsw,smotenc_tomek_weight,macro_recall,0.6363350246,0.0044458061,"[42, 123, 456, 789, 1001, 2024, 31415, 65537, 77777, 99991]","[0.6353155874141242, 0.6414785697263904, 0.6306233324944717, 0.6304441542913235, 0.6435340013344939, 0.6365788520536457, 0.6356221703580655, 0.6329311300043652, 0.6361237533566235, 0.6406986953148388]"
unsw,smotenc_tomek_weight,macro_f1,0.4709836639,0.0024653806,"[42, 123, 456, 789, 1001, 2024, 31415, 65537, 77777, 99991]","[0.47050668862595024, 0.47381728810307067, 0.46793281351164434, 0.47252501577934813, 0.4736548416043497, 0.47311269152044344, 0.46972462935629916, 0.46704826742910976, 0.4690368094747822, 0.47247759334844275]"
unsw,smotenc_tomek_weight,weighted_f1,0.7350097394,0.0008421662,"[42, 123, 456, 789, 1001, 2024, 31415, 65537, 77777, 99991]","[0.7362757177875734, 0.7352737037912142, 0.7351422717538464, 0.7355298238871865, 0.7357629504797346, 0.7355055277282654, 0.7348079013984803, 0.733775504837916, 0.7341771847442891, 0.7338468077998114]"
unsw,smotenc_tomek_weight,mcc,0.6161073942,0.0012795115,"[42, 123, 456, 789, 1001, 2024, 31415, 65537, 77777, 99991]","[0.6172186854908727, 0.6176438764186374, 0.6165072371072924, 0.6171412087489178, 0.6167473661946767, 0.6170109701933313, 0.6153747595887807, 0.6145150821257862, 0.6147460162574657, 0.6141687401054333]"
unsw,smotenc_tomek_weight,log_loss,0.8881736081,0.0052396141,"[42, 123, 456, 789, 1001, 2024, 31415, 65537, 77777, 99991]","[0.8917206220812189, 0.8867369354387152, 0.8845495163226806, 0.8814660788870783, 0.8908583584439955, 0.8903725813173916, 0.8785506084546378, 0.8928336664659452, 0.8897256919560897, 0.8949220213447387]"
unsw,smotenc_tomek_weight,macro_roc_auc_ovr,0.9538279401,0.0004886631,"[42, 123, 456, 789, 1001, 2024, 31415, 65537, 77777, 99991]","[0.9534987632363432, 0.9543208016824722, 0.9541697194028945, 0.9539656749193968, 0.9543343415738444, 0.9541613590140441, 0.953768305102221, 0.9527772067338913, 0.9533993037377844, 0.9538839254418529]"
unsw,smotenc_tomek_weight,macro_pr_auc_ovr,0.5390137117,0.0020576972,"[42, 123, 456, 789, 1001, 2024, 31415, 65537, 77777, 99991]","[0.538330880462366, 0.5388195515723215, 0.5387142561140157, 0.537137318151997, 0.5397239905014598, 0.5371356950510972, 0.5380436670939386, 0.5390759949942914, 0.5387612932547969, 0.5443944695153847]"
unsw,smotenc_tomek_weight,attack_pr_auc,0.9839095359,0.0003315817,"[42, 123, 456, 789, 1001, 2024, 31415, 65537, 77777, 99991]","[0.9836358979898464, 0.9838116903294193, 0.9840794003493694, 0.9837180226923131, 0.9840665417535968, 0.9845064260318619, 0.9841618869205567, 0.9832846658722001, 0.983868541415097, 0.983962285836482]"
unsw,smotenc_tomek_weight,default_attack_recall,0.9938277596,0.0003619965,"[42, 123, 456, 789, 1001, 2024, 31415, 65537, 77777, 99991]","[0.9943307156092827, 0.9943307156092827, 0.9938895261625342, 0.9933380393540987, 0.9938012882731845, 0.9941101208859084, 0.9938895261625342, 0.9934042177711109, 0.9934262772434483, 0.9937571693285097]"
unsw,smotenc_tomek_weight,false_alerts_per_10000_benign,3789.7027027027,11.1489534948,"[42, 123, 456, 789, 1001, 2024, 31415, 65537, 77777, 99991]","[3792.972972972973, 3791.0810810810813, 3801.891891891892, 3777.2972972972975, 3785.945945945946, 3774.5945945945946, 3779.189189189189, 3807.5675675675675, 3785.945945945946, 3800.5405405405404]"
unsw,smotenc_tomek_weight,attack_recall_at_validation_1pct_fpr,0.8822222712,0.0070083996,"[42, 123, 456, 789, 1001, 2024, 31415, 65537, 77777, 99991]","[0.8659445866054883, 0.8840554133945117, 0.8784964263654813, 0.8845407217859349, 0.8868349069090268, 0.8839230565604871, 0.8879378805258978, 0.890562957734051, 0.8829524397776405, 0.8769743227741993]"
unsw,smotenc_tomek_weight,attack_precision_at_validation_1pct_fpr,0.9619548370,0.0070258210,"[42, 123, 456, 789, 1001, 2024, 31415, 65537, 77777, 99991]","[0.9747467222884386, 0.9613548588288915, 0.9640747554953035, 0.9600402231426725, 0.9573272372243654, 0.9651003155181965, 0.9579931932313112, 0.94847758669298, 0.9618859944246851, 0.9685474833114067]"
unsw,smotenc_tomek_weight,test_fpr_at_validation_1pct_fpr,0.0428567568,0.0085009827,"[42, 123, 456, 789, 1001, 2024, 31415, 65537, 77777, 99991]","[0.027486486486486487, 0.04354054054054054, 0.04010810810810811, 0.04510810810810811, 0.048432432432432435, 0.03916216216216216, 0.0477027027027027, 0.05927027027027027, 0.04286486486486486, 0.034891891891891895]"
unsw,smotenc_tomek_weight,threshold_false_alerts_per_10000_benign,428.5675675676,85.0098272247,"[42, 123, 456, 789, 1001, 2024, 31415, 65537, 77777, 99991]","[274.86486486486484, 435.4054054054054, 401.0810810810811, 451.0810810810811, 484.3243243243243, 391.6216216216216, 477.02702702702703, 592.7027027027027, 428.64864864864865, 348.9189189189189]"
unsw,smotenc_tomek_residual_weight,accuracy,0.6963173493,0.0008900178,"[42, 123, 456, 789, 1001, 2024, 31415, 65537, 77777, 99991]","[0.6955618714473109, 0.696776466015644, 0.6958898119807608, 0.6971408443861439, 0.6974687849195939, 0.6971286984404605, 0.6964728173735607, 0.6963513579167274, 0.6945051741728611, 0.6958776660350775]"
unsw,smotenc_tomek_residual_weight,balanced_accuracy,0.6120420985,0.0043044166,"[42, 123, 456, 789, 1001, 2024, 31415, 65537, 77777, 99991]","[0.6141421389323882, 0.6180255672880908, 0.605427113413801, 0.6109560162026808, 0.6100220536228561, 0.6128864374230327, 0.6076014800395368, 0.6081594621948267, 0.6161210622262911, 0.6170796533907474]"
unsw,smotenc_tomek_residual_weight,macro_precision,0.5017329568,0.0043814229,"[42, 123, 456, 789, 1001, 2024, 31415, 65537, 77777, 99991]","[0.49867564991319896, 0.503013330092579, 0.5001009070058096, 0.49632359192884357, 0.503239692512472, 0.5050746927179677, 0.5016039907735553, 0.49487863796599346, 0.5093819624916618, 0.505037112152242]"
unsw,smotenc_tomek_residual_weight,macro_recall,0.6120420985,0.0043044166,"[42, 123, 456, 789, 1001, 2024, 31415, 65537, 77777, 99991]","[0.6141421389323882, 0.6180255672880908, 0.605427113413801, 0.6109560162026808, 0.6100220536228561, 0.6128864374230327, 0.6076014800395368, 0.6081594621948267, 0.6161210622262911, 0.6170796533907474]"
unsw,smotenc_tomek_residual_weight,macro_f1,0.5108223114,0.0035097436,"[42, 123, 456, 789, 1001, 2024, 31415, 65537, 77777, 99991]","[0.5095043921125002, 0.5136523863527467, 0.5076234459646348, 0.5067589581100684, 0.5114010135728788, 0.5122993611398571, 0.510004818946679, 0.5057902039967146, 0.5159972535503222, 0.5151912805389577]"
unsw,smotenc_tomek_residual_weight,weighted_f1,0.7434016581,0.0007875987,"[42, 123, 456, 789, 1001, 2024, 31415, 65537, 77777, 99991]","[0.7425601434055253, 0.7436193847322401, 0.7428516014927058, 0.744146500164257, 0.7447075002224608, 0.7441201530216072, 0.7437145224023967, 0.7432814736355908, 0.7426447943165858, 0.7423705075532442]"
unsw,smotenc_tomek_residual_weight,mcc,0.6348192293,0.0009846674,"[42, 123, 456, 789, 1001, 2024, 31415, 65537, 77777, 99991]","[0.6338061871354298, 0.6355097908492819, 0.6344448605089237, 0.6356649881402004, 0.6365177985227346, 0.635592092724554, 0.6344435879350279, 0.6348321746166184, 0.6333778933531502, 0.6340029196668029]"
unsw,smotenc_tomek_residual_weight,log_loss,0.7195918070,0.0022873506,"[42, 123, 456, 789, 1001, 2024, 31415, 65537, 77777, 99991]","[0.7229598072616099, 0.7174647568454953, 0.7208598959218706, 0.7160776788547499, 0.7174898174555864, 0.7207015090263984, 0.7183034167724889, 0.7194819922641579, 0.7227345970344656, 0.7198445988849892]"
unsw,smotenc_tomek_residual_weight,macro_roc_auc_ovr,0.9598240427,0.0003370697,"[42, 123, 456, 789, 1001, 2024, 31415, 65537, 77777, 99991]","[0.9593612322378664, 0.9598073984130158, 0.9597768800682029, 0.9597524044651757, 0.9603208714253842, 0.9602589483202977, 0.9597920307212562, 0.9592681062321752, 0.9600567940590541, 0.9598457614296668]"
unsw,smotenc_tomek_residual_weight,macro_pr_auc_ovr,0.5515447826,0.0024096069,"[42, 123, 456, 789, 1001, 2024, 31415, 65537, 77777, 99991]","[0.5517746813959682, 0.554228092393678, 0.5491583698155809, 0.5512780148767285, 0.5519977568321341, 0.5508441627811365, 0.5482005348852963, 0.5490875701166543, 0.552929013631114, 0.5559496297674033]"
unsw,smotenc_tomek_residual_weight,attack_pr_auc,0.9854047917,0.0002803996,"[42, 123, 456, 789, 1001, 2024, 31415, 65537, 77777, 99991]","[0.9852726892612385, 0.9851743741844731, 0.9853349312272147, 0.9853540020298366, 0.9860139510658462, 0.985733812826127, 0.9854331077478208, 0.9854165863955666, 0.9852729208973178, 0.9850415409610092]"
unsw,smotenc_tomek_residual_weight,default_attack_recall,0.9935498103,0.0005122148,"[42, 123, 456, 789, 1001, 2024, 31415, 65537, 77777, 99991]","[0.9930071472690373, 0.9933380393540987, 0.9933380393540987, 0.9930292067413747, 0.9947277861113563, 0.9938895261625342, 0.9936248124944851, 0.9935586340774729, 0.9938012882731845, 0.9931836230477367]"
unsw,smotenc_tomek_residual_weight,false_alerts_per_10000_benign,3884.7027027027,16.4078763890,"[42, 123, 456, 789, 1001, 2024, 31415, 65537, 77777, 99991]","[3893.2432432432433, 3892.4324324324325, 3894.054054054054, 3870.810810810811, 3881.891891891892, 3871.6216216216217, 3852.7027027027025, 3887.837837837838, 3912.4324324324325, 3890.0]"
unsw,smotenc_tomek_residual_weight,attack_recall_at_validation_1pct_fpr,0.8870356481,0.0061718047,"[42, 123, 456, 789, 1001, 2024, 31415, 65537, 77777, 99991]","[0.8723418335833407, 0.887739345274861, 0.8842098297008736, 0.8931659754698668, 0.8915997529339098, 0.8850480896496956, 0.8848274949263214, 0.8935630459719404, 0.8897688167299038, 0.8880922968322598]"
unsw,smotenc_tomek_residual_weight,attack_precision_at_validation_1pct_fpr,0.9681992754,0.0056666527,"[42, 123, 456, 789, 1001, 2024, 31415, 65537, 77777, 99991]","[0.9805598948647375, 0.9675658780534718, 0.9712852573422507, 0.9632440405386116, 0.9651368260184345, 0.9715704080397143, 0.9698251891970309, 0.9596995830174374, 0.965968962544305, 0.9671367141518726]"
unsw,smotenc_tomek_residual_weight,test_fpr_at_validation_1pct_fpr,0.0357702703,0.0067455192,"[42, 123, 456, 789, 1001, 2024, 31415, 65537, 77777, 99991]","[0.02118918918918919, 0.036459459459459456, 0.032027027027027026, 0.041756756756756754, 0.03945945945945946, 0.03172972972972973, 0.03372972972972973, 0.045972972972972974, 0.03840540540540541, 0.03697297297297297]"
unsw,smotenc_tomek_residual_weight,threshold_false_alerts_per_10000_benign,357.7027027027,67.4551918358,"[42, 123, 456, 789, 1001, 2024, 31415, 65537, 77777, 99991]","[211.8918918918919, 364.5945945945946, 320.27027027027026, 417.56756756756755, 394.5945945945946, 317.2972972972973, 337.2972972972973, 459.72972972972974, 384.05405405405406, 369.72972972972974]"
nslkdd,raw,accuracy,0.7750354862,0.0025683411,"[42, 123, 456, 789, 1001, 2024, 31415, 65537, 77777, 99991]","[0.7751508161816891, 0.7764371894960965, 0.7772799858055358, 0.7769251242015613, 0.7758605393896381, 0.7779009936124911, 0.7751064584811923, 0.7735095812633073, 0.772888573456352, 0.7692955997161107]"
nslkdd,raw,balanced_accuracy,0.5157660158,0.0027544594,"[42, 123, 456, 789, 1001, 2024, 31415, 65537, 77777, 99991]","[0.5135359016522609, 0.513481613418874, 0.5178761491835114, 0.5195286439193401, 0.5178301916221573, 0.5175664625646132, 0.5186502458530293, 0.5132642752113651, 0.5138829980731442, 0.5120436768190708]"
nslkdd,raw,macro_precision,0.8386509986,0.0099854208,"[42, 123, 456, 789, 1001, 2024, 31415, 65537, 77777, 99991]","[0.8456369343964036, 0.8249014301605303, 0.8334678066931989, 0.8549199393018376, 0.8354395240396697, 0.8320100081390484, 0.850125846775844, 0.8473162268335848, 0.8311422973375399, 0.8315499721746287]"
nslkdd,raw,macro_recall,0.5157660158,0.0027544594,"[42, 123, 456, 789, 1001, 2024, 31415, 65537, 77777, 99991]","[0.5135359016522609, 0.513481613418874, 0.5178761491835114, 0.5195286439193401, 0.5178301916221573, 0.5175664625646132, 0.5186502458530293, 0.5132642752113651, 0.5138829980731442, 0.5120436768190708]"
nslkdd,raw,macro_f1,0.5287038771,0.0046980261,"[42, 123, 456, 789, 1001, 2024, 31415, 65537, 77777, 99991]","[0.5237666258259653, 0.523328190180903, 0.5288635919369847, 0.5372643011025429, 0.5304580530174681, 0.5310885489770115, 0.5348508159218359, 0.5260468860610388, 0.526030364357348, 0.5253413936894331]"
nslkdd,raw,weighted_f1,0.7357620696,0.0031027839,"[42, 123, 456, 789, 1001, 2024, 31415, 65537, 77777, 99991]","[0.7346890726861658, 0.7366722966464889, 0.7380184005544161, 0.7388076912816445, 0.7356420764709939, 0.7403168923295579, 0.7367325719906416, 0.7327656958046195, 0.7343470861426222, 0.7296289122721458]"
nslkdd,raw,mcc,0.6739436851,0.0037144145,"[42, 123, 456, 789, 1001, 2024, 31415, 65537, 77777, 99991]","[0.6741630040839378, 0.6757038648224386, 0.6769310960915444, 0.6770007224911269, 0.6749654592114859, 0.6782508673820725, 0.6741834343221308, 0.6717190025138126, 0.6708613851861115, 0.6656580147864157]"
nslkdd,raw,log_loss,1.5984233182,0.0700094133,"[42, 123, 456, 789, 1001, 2024, 31415, 65537, 77777, 99991]","[1.7040736665298946, 1.6964090534137304, 1.5529781651590129, 1.559390205592179, 1.621126183933842, 1.464818962784699, 1.6030795643048084, 1.6230957093783964, 1.5742666428151817, 1.5849950279398113]"
nslkdd,raw,macro_roc_auc_ovr,0.9535034444,0.0032946465,"[42, 123, 456, 789, 1001, 2024, 31415, 65537, 77777, 99991]","[0.9533781317233367, 0.9541075827494355, 0.9540999408195677, 0.9561736165496815, 0.9456623586791896, 0.9571999034256379, 0.9503353983684221, 0.9545601308736023, 0.9551917762315423, 0.9543256044229977]"
nslkdd,raw,macro_pr_auc_ovr,0.7343105664,0.0126839489,"[42, 123, 456, 789, 1001, 2024, 31415, 65537, 77777, 99991]","[0.7419864962539842, 0.7326620464758136, 0.7404145680691263, 0.7458822959691963, 0.7090863683164781, 0.7502743425237037, 0.7171662210101921, 0.7309558056544933, 0.7378469641334149, 0.7368305553781547]"
nslkdd,raw,attack_pr_auc,0.9723251200,0.0010437217,"[42, 123, 456, 789, 1001, 2024, 31415, 65537, 77777, 99991]","[0.9702397284279783, 0.972285486757959, 0.9722865203619818, 0.9723786430356165, 0.9716180336520311, 0.9733098826735381, 0.9740253033445145, 0.9724766318846367, 0.9730455252018123, 0.9715854442946884]"
nslkdd,raw,default_attack_recall,0.6510169095,0.0048118790,"[42, 123, 456, 789, 1001, 2024, 31415, 65537, 77777, 99991]","[0.6509000233772306, 0.6556533935946388, 0.6587703576716278, 0.6493415413387361, 0.6547962284734669, 0.6532377464349723, 0.6497311618483597, 0.6475492869944673, 0.6483285280137147, 0.6418608275539625]"
nslkdd,raw,false_alerts_per_10000_benign,278.6530738338,1.6245713886,"[42, 123, 456, 789, 1001, 2024, 31415, 65537, 77777, 99991]","[277.0054577283493, 278.0352177942539, 278.0352177942539, 278.0352177942539, 279.0649778601586, 281.12449799196787, 277.0054577283493, 280.0947379260632, 277.0054577283493, 281.12449799196787]"
nslkdd,raw,attack_recall_at_validation_1pct_fpr,0.8071300553,0.0190076410,"[42, 123, 456, 789, 1001, 2024, 31415, 65537, 77777, 99991]","[0.824670770669368, 0.8027740980285202, 0.8278656588482818, 0.782124211018468, 0.8372165510792489, 0.8110340528325412, 0.7862541884204785, 0.8037091872516169, 0.7850074027896828, 0.8106444323229175]"
nslkdd,raw,attack_precision_at_validation_1pct_fpr,0.9642134250,0.0011150016,"[42, 123, 456, 789, 1001, 2024, 31415, 65537, 77777, 99991]","[0.9634923525127458, 0.9650585480093676, 0.9643278569483525, 0.9634286811288155, 0.9629828807026979, 0.9664778530968521, 0.9647193804379004, 0.9627555306636797, 0.9647577092511013, 0.9641334569045412]"
nslkdd,raw,test_fpr_at_validation_1pct_fpr,0.0395942745,0.0017443553,"[42, 123, 456, 789, 1001, 2024, 31415, 65537, 77777, 99991]","[0.041293378642776234, 0.03841005045824323, 0.04046957059005252, 0.039233858510966946, 0.042529090721861805, 0.03717433837915766, 0.037998146431881374, 0.0410874266295953, 0.037895170425290906, 0.03985171455050973]"
nslkdd,raw,threshold_false_alerts_per_10000_benign,395.9427453403,17.4435532863,"[42, 123, 456, 789, 1001, 2024, 31415, 65537, 77777, 99991]","[412.93378642776236, 384.1005045824323, 404.6957059005252, 392.33858510966945, 425.2909072186181, 371.74338379157655, 379.9814643188137, 410.874266295953, 378.95170425290905, 398.5171455050973]"
nslkdd,raw_weight,accuracy,0.7877262243,0.0033593129,"[42, 123, 456, 789, 1001, 2024, 31415, 65537, 77777, 99991]","[0.7853530872959545, 0.7869943222143364, 0.7932487579843861, 0.7845990063875089, 0.7884137686302342, 0.7905872959545777, 0.7853530872959545, 0.7823811213626686, 0.7905872959545777, 0.7897444996451384]"
nslkdd,raw_weight,balanced_accuracy,0.5452688508,0.0062105824,"[42, 123, 456, 789, 1001, 2024, 31415, 65537, 77777, 99991]","[0.5416537962872261, 0.5414500973656656, 0.5557476991551098, 0.5425013240827472, 0.546815884921026, 0.5499637367091438, 0.5385144671780362, 0.5365799578385988, 0.5526164026035147, 0.5468451414719728]"
nslkdd,raw_weight,macro_precision,0.8358378442,0.0076294712,"[42, 123, 456, 789, 1001, 2024, 31415, 65537, 77777, 99991]","[0.8415289309934947, 0.842149326454648, 0.8365612080912811, 0.827894884859979, 0.8362907197901264, 0.821566807317631, 0.8437987721005665, 0.8287803452588154, 0.8442584529225143, 0.835548993977179]"
nslkdd,raw_weight,macro_recall,0.5452688508,0.0062105824,"[42, 123, 456, 789, 1001, 2024, 31415, 65537, 77777, 99991]","[0.5416537962872261, 0.5414500973656656, 0.5557476991551098, 0.5425013240827472, 0.546815884921026, 0.5499637367091438, 0.5385144671780362, 0.5365799578385988, 0.5526164026035147, 0.5468451414719728]"
nslkdd,raw_weight,macro_f1,0.5662151762,0.0076596257,"[42, 123, 456, 789, 1001, 2024, 31415, 65537, 77777, 99991]","[0.5609670470556798, 0.5618686705527625, 0.5782104299727205, 0.5621912481395677, 0.5706643381572005, 0.5701983105071183, 0.5576998069134936, 0.5555207073969615, 0.5757383699306831, 0.5690928333178598]"
nslkdd,raw_weight,weighted_f1,0.7546071921,0.0052175783,"[42, 123, 456, 789, 1001, 2024, 31415, 65537, 77777, 99991]","[0.7500448629035619, 0.7536527756673859, 0.7627488876707915, 0.7491045590471312, 0.7567906138594356, 0.7582635735196844, 0.750231497753014, 0.7474025503024082, 0.7593575068348192, 0.7584750939074261]"
nslkdd,raw_weight,mcc,0.6924240994,0.0048908437,"[42, 123, 456, 789, 1001, 2024, 31415, 65537, 77777, 99991]","[0.6890101472677891, 0.6913195722338304, 0.7006101341623824, 0.687847646817482, 0.6932004887291032, 0.6964207839655354, 0.6892325956973476, 0.684609991179805, 0.6967467277191515, 0.6952429061048427]"
nslkdd,raw_weight,log_loss,1.5336607907,0.1024788885,"[42, 123, 456, 789, 1001, 2024, 31415, 65537, 77777, 99991]","[1.664051922395953, 1.6827696292845256, 1.5519795426811815, 1.4766013868827097, 1.591008973903637, 1.320545094878842, 1.494392961229134, 1.496158485482903, 1.5303748210325414, 1.528725089098136]"
nslkdd,raw_weight,macro_roc_auc_ovr,0.9503593359,0.0038969939,"[42, 123, 456, 789, 1001, 2024, 31415, 65537, 77777, 99991]","[0.9466364653833818, 0.9464625944513608, 0.9521215704311731, 0.9518184585294224, 0.9438078536805901, 0.9557509002238931, 0.9550201753821955, 0.9528267175861304, 0.9487480612752923, 0.9504005622563447]"
nslkdd,raw_weight,macro_pr_auc_ovr,0.7440691388,0.0138009622,"[42, 123, 456, 789, 1001, 2024, 31415, 65537, 77777, 99991]","[0.7458994426372563, 0.7296445305798624, 0.7565490899414694, 0.7459319301731976, 0.7141615083683439, 0.7558103656639822, 0.7584434542408326, 0.7529247358283075, 0.7394396662622242, 0.7418866644297062]"
nslkdd,raw_weight,attack_pr_auc,0.9679927415,0.0033163533,"[42, 123, 456, 789, 1001, 2024, 31415, 65537, 77777, 99991]","[0.9650471331085504, 0.9608205515989201, 0.9687112953664913, 0.9695406718036639, 0.9664030422096936, 0.9719906612255494, 0.9712958180665694, 0.970152073555225, 0.9689502304116528, 0.9670159374396684]"
nslkdd,raw_weight,default_attack_recall,0.6764747136,0.0065151260,"[42, 123, 456, 789, 1001, 2024, 31415, 65537, 77777, 99991]","[0.6724849996103794, 0.6745889503623471, 0.6866671861606795, 0.6720953791007559, 0.6782513831528092, 0.6840956907971636, 0.6684329463102938, 0.6674199329852724, 0.6812124990259487, 0.6794981687836048]"
nslkdd,raw_weight,false_alerts_per_10000_benign,285.3465142622,3.1627774688,"[42, 123, 456, 789, 1001, 2024, 31415, 65537, 77777, 99991]","[285.24353825558643, 282.15425805787254, 280.0947379260632, 287.3030583873957, 286.2732983214911, 290.39233858510966, 283.18401812377715, 287.3030583873957, 283.18401812377715, 288.3328184533004]"
nslkdd,raw_weight,attack_recall_at_validation_1pct_fpr,0.8140653004,0.0078852321,"[42, 123, 456, 789, 1001, 2024, 31415, 65537, 77777, 99991]","[0.8139172446037559, 0.8043325800670147, 0.809631418997896, 0.8044105041689394, 0.8176576014961427, 0.8115015974440895, 0.8181251461076912, 0.830904698823346, 0.8111899010363905, 0.8189823112288631]"
nslkdd,raw_weight,attack_precision_at_validation_1pct_fpr,0.9646210942,0.0008563613,"[42, 123, 456, 789, 1001, 2024, 31415, 65537, 77777, 99991]","[0.9640055376095985, 0.9655753040224508, 0.9643586411731947, 0.9653979238754326, 0.9634560646405289, 0.9648846474566849, 0.9660471107839529, 0.9637563268257412, 0.9639781461246412, 0.9647512392142463]"
nslkdd,raw_weight,test_fpr_at_validation_1pct_fpr,0.0394604057,0.0012094994,"[42, 123, 456, 789, 1001, 2024, 31415, 65537, 77777, 99991]","[0.040160642570281124, 0.037895170425290906, 0.03954278653073834, 0.038101122438471836, 0.04098445062300484, 0.039027906497786015, 0.037998146431881374, 0.041293378642776234, 0.04005766656369066, 0.03954278653073834]"
nslkdd,raw_weight,threshold_false_alerts_per_10000_benign,394.6040572547,12.0949936062,"[42, 123, 456, 789, 1001, 2024, 31415, 65537, 77777, 99991]","[401.60642570281124, 378.95170425290905, 395.4278653073834, 381.01122438471833, 409.8445062300484, 390.2790649778602, 379.9814643188137, 412.93378642776236, 400.5766656369066, 395.4278653073834]"
nslkdd,random_over,accuracy,0.7842264017,0.0030809502,"[42, 123, 456, 789, 1001, 2024, 31415, 65537, 77777, 99991]","[0.7846877217885024, 0.7830464868701207, 0.7846877217885024, 0.7777235628105039, 0.7818488289567069, 0.7826029098651526, 0.7876153300212917, 0.7852200141944642, 0.78708303761533, 0.7877484031227822]"
nslkdd,random_over,balanced_accuracy,0.5313322687,0.0057294674,"[42, 123, 456, 789, 1001, 2024, 31415, 65537, 77777, 99991]","[0.5322843730366578, 0.5289481219679096, 0.5333986420516005, 0.5193257068165327, 0.5262781542099526, 0.529142538178425, 0.5363668303556187, 0.5320827095187333, 0.5367845045957498, 0.538711106213349]"
nslkdd,random_over,macro_precision,0.8299560403,0.0109310426,"[42, 123, 456, 789, 1001, 2024, 31415, 65537, 77777, 99991]","[0.8372280746218902, 0.8171647139408428, 0.813594336744138, 0.8273453121223365, 0.8352161263566942, 0.8252294627834196, 0.8488026267148957, 0.822427837189767, 0.8408915868238662, 0.8316603260024747]"
nslkdd,random_over,macro_recall,0.5313322687,0.0057294674,"[42, 123, 456, 789, 1001, 2024, 31415, 65537, 77777, 99991]","[0.5322843730366578, 0.5289481219679096, 0.5333986420516005, 0.5193257068165327, 0.5262781542099526, 0.529142538178425, 0.5363668303556187, 0.5320827095187333, 0.5367845045957498, 0.538711106213349]"
nslkdd,random_over,macro_f1,0.5505642698,0.0061967733,"[42, 123, 456, 789, 1001, 2024, 31415, 65537, 77777, 99991]","[0.5454211408158065, 0.5461350679083612, 0.5512431404191338, 0.5398890939531866, 0.5487378109436636, 0.5476263367686645, 0.5559352108494182, 0.5530439444102637, 0.557730302669867, 0.559880648923293]"
nslkdd,random_over,weighted_f1,0.7505546552,0.0042457213,"[42, 123, 456, 789, 1001, 2024, 31415, 65537, 77777, 99991]","[0.7475427680947235, 0.7479581993271425, 0.7506564839951962, 0.7425536622353329, 0.7492441849544216, 0.7483310143314654, 0.7548526731032924, 0.7535266474560711, 0.7548546807478258, 0.7560262375677489]"
nslkdd,random_over,mcc,0.6872380128,0.0045747385,"[42, 123, 456, 789, 1001, 2024, 31415, 65537, 77777, 99991]","[0.6884138562926814, 0.6856430315063711, 0.6875498143460342, 0.6775149797832827, 0.6836050558045308, 0.6849714063486679, 0.6923093486028552, 0.6885788423655087, 0.6913819314776815, 0.6924118619070313]"
nslkdd,random_over,log_loss,1.5343080678,0.0730686976,"[42, 123, 456, 789, 1001, 2024, 31415, 65537, 77777, 99991]","[1.6398779909219026, 1.6240430677236157, 1.5388679451667122, 1.4938844712574002, 1.6009190824893225, 1.405624254275081, 1.495061274476432, 1.5310925855308792, 1.4672032072145096, 1.5465067984635705]"
nslkdd,random_over,macro_roc_auc_ovr,0.9549897893,0.0026417345,"[42, 123, 456, 789, 1001, 2024, 31415, 65537, 77777, 99991]","[0.9518095030899036, 0.9551196543609011, 0.9555714581588048, 0.9553706440954229, 0.9492377185683456, 0.9586302286244592, 0.9567691447797939, 0.9550983090856786, 0.9561980791386981, 0.9560931529094757]"
nslkdd,random_over,macro_pr_auc_ovr,0.7586587387,0.0180724806,"[42, 123, 456, 789, 1001, 2024, 31415, 65537, 77777, 99991]","[0.7690209944602645, 0.7692842036359734, 0.7651326908720951, 0.7523662503349768, 0.7156644061989594, 0.7776336951624041, 0.7515878374082489, 0.7727061931989703, 0.765905311251024, 0.7472858041889376]"
nslkdd,random_over,attack_pr_auc,0.9726230798,0.0016088691,"[42, 123, 456, 789, 1001, 2024, 31415, 65537, 77777, 99991]","[0.9700609990508567, 0.9699957109929274, 0.9728937080932406, 0.9724987271153516, 0.9720808721707577, 0.9739000724329381, 0.9750468498377173, 0.9739491523462529, 0.9730170144728969, 0.9727876913351761]"
nslkdd,random_over,default_attack_recall,0.6664302969,0.0061010198,"[42, 123, 456, 789, 1001, 2024, 31415, 65537, 77777, 99991]","[0.6667965401698746, 0.6639133483986597, 0.6730304683238526, 0.6543286838619184, 0.6603288397101224, 0.6627444868697888, 0.6717057585911322, 0.6678874775968207, 0.6713161380815086, 0.6722512273046053]"
nslkdd,random_over,false_alerts_per_10000_benign,284.0078261765,2.9044994750,"[42, 123, 456, 789, 1001, 2024, 31415, 65537, 77777, 99991]","[281.12449799196787, 283.18401812377715, 284.2137781896818, 280.0947379260632, 285.24353825558643, 286.2732983214911, 280.0947379260632, 284.2137781896818, 287.3030583873957, 288.3328184533004]"
nslkdd,random_over,attack_recall_at_validation_1pct_fpr,0.8102392270,0.0119257429,"[42, 123, 456, 789, 1001, 2024, 31415, 65537, 77777, 99991]","[0.8319956362502923, 0.8048001246785631, 0.811657445647939, 0.8004363749707785, 0.8174238291903686, 0.7955271565495208, 0.8197615522481103, 0.8048001246785631, 0.7961505493649186, 0.8198394763500351]"
nslkdd,random_over,attack_precision_at_validation_1pct_fpr,0.9629982843,0.0018615034,"[42, 123, 456, 789, 1001, 2024, 31415, 65537, 77777, 99991]","[0.9614588023412877, 0.963342971737711, 0.9614177589071442, 0.961437663796331, 0.9613269794721407, 0.9665782995644764, 0.9649605576958357, 0.9636126142937115, 0.9643227937706466, 0.9615244013891427]"
nslkdd,random_over,test_fpr_at_validation_1pct_fpr,0.0411595098,0.0025088275,"[42, 123, 456, 789, 1001, 2024, 31415, 65537, 77777, 99991]","[0.04407373082071877, 0.04046957059005252, 0.04304397075481413, 0.04242611471527134, 0.043455874781175984, 0.03635053032643394, 0.03933683451755741, 0.040160642570281124, 0.03892493049119555, 0.04335289877458552]"
nslkdd,random_over,threshold_false_alerts_per_10000_benign,411.5950983421,25.0882747925,"[42, 123, 456, 789, 1001, 2024, 31415, 65537, 77777, 99991]","[440.7373082071877, 404.6957059005252, 430.43970754814126, 424.2611471527134, 434.5587478117599, 363.50530326433943, 393.36834517557406, 401.60642570281124, 389.2493049119555, 433.5289877458552]"
nslkdd,smotenc,accuracy,0.7837473385,0.0034559049,"[42, 123, 456, 789, 1001, 2024, 31415, 65537, 77777, 99991]","[0.7855305180979418, 0.7785663591199432, 0.7883694109297374, 0.7840667139815471, 0.7840223562810504, 0.7876153300212917, 0.7826472675656494, 0.7775904897090135, 0.7850869410929737, 0.7839779985805536]"
nslkdd,smotenc,balanced_accuracy,0.5363666996,0.0058429718,"[42, 123, 456, 789, 1001, 2024, 31415, 65537, 77777, 99991]","[0.5364223273753297, 0.5265296687933178, 0.5453848311923, 0.5351133355661426, 0.5393301472775998, 0.5429268863299278, 0.5336034227529878, 0.5285035676239359, 0.537075814253891, 0.5387769950512795]"
nslkdd,smotenc,macro_precision,0.8425724314,0.0112946314,"[42, 123, 456, 789, 1001, 2024, 31415, 65537, 77777, 99991]","[0.8481196101339709, 0.8481734595244912, 0.8638938982070963, 0.8425497082158679, 0.8294349571391239, 0.8489905705001082, 0.8332287774299953, 0.8244431377414656, 0.8432375725732136, 0.8436526227093294]"
nslkdd,smotenc,macro_recall,0.5363666996,0.0058429718,"[42, 123, 456, 789, 1001, 2024, 31415, 65537, 77777, 99991]","[0.5364223273753297, 0.5265296687933178, 0.5453848311923, 0.5351133355661426, 0.5393301472775998, 0.5429268863299278, 0.5336034227529878, 0.5285035676239359, 0.537075814253891, 0.5387769950512795]"
nslkdd,smotenc,macro_f1,0.5597547483,0.0072812455,"[42, 123, 456, 789, 1001, 2024, 31415, 65537, 77777, 99991]","[0.5611853743531214, 0.5481337867045954, 0.5726032468781217, 0.5550973465884241, 0.5660767912090885, 0.5649517512289508, 0.5571415365596831, 0.5513400518297673, 0.5585684593035014, 0.5624491384669472]"
nslkdd,smotenc,weighted_f1,0.7501057468,0.0050541805,"[42, 123, 456, 789, 1001, 2024, 31415, 65537, 77777, 99991]","[0.7538762018265358, 0.7424784361730954, 0.7577714045091066, 0.7487430687349649, 0.7524499689365477, 0.7542039654154857, 0.7486256635433051, 0.7416550666451208, 0.751102640384166, 0.7501510513343783]"
nslkdd,smotenc,mcc,0.6865692374,0.0050734131,"[42, 123, 456, 789, 1001, 2024, 31415, 65537, 77777, 99991]","[0.6890065679374181, 0.678943508215107, 0.6930876796465045, 0.6872811257020438, 0.686579057009548, 0.6925098281801123, 0.6851692861111887, 0.6774625053757409, 0.6886081951594845, 0.6870446206146856]"
nslkdd,smotenc,log_loss,1.5935067447,0.1065964455,"[42, 123, 456, 789, 1001, 2024, 31415, 65537, 77777, 99991]","[1.7248518632272027, 1.7259632268802556, 1.6449705298767545, 1.49351338017615, 1.6271539011785896, 1.4090622275241882, 1.68139047833708, 1.550796816153669, 1.4933461409858841, 1.584018882275358]"
nslkdd,smotenc,macro_roc_auc_ovr,0.9515696089,0.0034138231,"[42, 123, 456, 789, 1001, 2024, 31415, 65537, 77777, 99991]","[0.9495425662616797, 0.9525230879287759, 0.9519726582670447, 0.9542694189679576, 0.9486839197675664, 0.9548250411644714, 0.9441886028344676, 0.9516995062252429, 0.9558964054985145, 0.9520948821396548]"
nslkdd,smotenc,macro_pr_auc_ovr,0.7316563400,0.0150242494,"[42, 123, 456, 789, 1001, 2024, 31415, 65537, 77777, 99991]","[0.7430933695520985, 0.7295456277749525, 0.7402216358665058, 0.7353624009975462, 0.7176194673446116, 0.7428332372423462, 0.7019144557603625, 0.7198290959711848, 0.7531252980181968, 0.7330188114984337]"
nslkdd,smotenc,attack_pr_auc,0.9706054295,0.0018662302,"[42, 123, 456, 789, 1001, 2024, 31415, 65537, 77777, 99991]","[0.9670643722230423, 0.967942415784806, 0.9706803563677464, 0.9712793601465495, 0.9710553515292916, 0.9734569926453419, 0.9716620778432771, 0.9719380527085171, 0.9705081458123163, 0.9704671697210646]"
nslkdd,smotenc,default_attack_recall,0.6658614509,0.0064119115,"[42, 123, 456, 789, 1001, 2024, 31415, 65537, 77777, 99991]","[0.668666718616068, 0.6564326346138861, 0.6756798877892932, 0.6657056027429283, 0.6697576560430141, 0.6715499103872827, 0.6614977012389932, 0.6555754694927141, 0.6679654016987454, 0.6657835268448531]"
nslkdd,smotenc,false_alerts_per_10000_benign,282.0512820513,2.9706788211,"[42, 123, 456, 789, 1001, 2024, 31415, 65537, 77777, 99991]","[281.12449799196787, 282.15425805787254, 283.18401812377715, 278.0352177942539, 280.0947379260632, 284.2137781896818, 277.0054577283493, 286.2732983214911, 284.2137781896818, 284.2137781896818]"
nslkdd,smotenc,attack_recall_at_validation_1pct_fpr,0.8111197693,0.0150462116,"[42, 123, 456, 789, 1001, 2024, 31415, 65537, 77777, 99991]","[0.8217096547962285, 0.8117353697498636, 0.8273201901348087, 0.8022286293150471, 0.8377620197927219, 0.8031637185381438, 0.7929556611860048, 0.8079170887555521, 0.79007246941479, 0.8163328917634224]"
nslkdd,smotenc,attack_precision_at_validation_1pct_fpr,0.9632318002,0.0017954331,"[42, 123, 456, 789, 1001, 2024, 31415, 65537, 77777, 99991]","[0.9621350364963503, 0.9627541589648798, 0.9616847826086956, 0.9644028103044496, 0.9608544105818214, 0.9670669919309439, 0.9628157820039739, 0.9639271104499814, 0.9645167427701674, 0.9621601763409258]"
nslkdd,smotenc,test_fpr_at_validation_1pct_fpr,0.0409432602,0.0026624603,"[42, 123, 456, 789, 1001, 2024, 31415, 65537, 77777, 99991]","[0.042735042735042736, 0.041499330655957165, 0.04355885078776645, 0.03913088250437648, 0.04510349088662342, 0.03614457831325301, 0.04046957059005252, 0.03995469055710019, 0.03841005045824323, 0.04242611471527134]"
nslkdd,smotenc,threshold_false_alerts_per_10000_benign,409.4326022037,26.6246031061,"[42, 123, 456, 789, 1001, 2024, 31415, 65537, 77777, 99991]","[427.35042735042737, 414.99330655957164, 435.5885078776645, 391.3088250437648, 451.03490886623416, 361.4457831325301, 404.6957059005252, 399.54690557100196, 384.1005045824323, 424.2611471527134]"
nslkdd,smotenc_tomek,accuracy,0.7835787793,0.0025684092,"[42, 123, 456, 789, 1001, 2024, 31415, 65537, 77777, 99991]","[0.7838005677785663, 0.7810060326472675, 0.7873491838183109, 0.7846433640880057, 0.7826029098651526, 0.7880589070262598, 0.7837562100780695, 0.7800745209368346, 0.782735982966643, 0.7817601135557133]"
nslkdd,smotenc_tomek,balanced_accuracy,0.5357132856,0.0042503386,"[42, 123, 456, 789, 1001, 2024, 31415, 65537, 77777, 99991]","[0.5324126307888467, 0.5322426846934735, 0.5430772793621819, 0.5363450113720829, 0.5369357900319467, 0.5430201337194689, 0.5340450095877906, 0.5320321691697807, 0.5349435093078043, 0.5320786378719028]"
nslkdd,smotenc_tomek,macro_precision,0.8384213745,0.0113085103,"[42, 123, 456, 789, 1001, 2024, 31415, 65537, 77777, 99991]","[0.8339933730494401, 0.8460496167046572, 0.8527729633067933, 0.842677045135018, 0.8368416858449746, 0.8454854283289931, 0.8116318856606475, 0.835315673242981, 0.8454657940097803, 0.8339802797829711]"
nslkdd,smotenc_tomek,macro_recall,0.5357132856,0.0042503386,"[42, 123, 456, 789, 1001, 2024, 31415, 65537, 77777, 99991]","[0.5324126307888467, 0.5322426846934735, 0.5430772793621819, 0.5363450113720829, 0.5369357900319467, 0.5430201337194689, 0.5340450095877906, 0.5320321691697807, 0.5349435093078043, 0.5320786378719028]"
nslkdd,smotenc_tomek,macro_f1,0.5586357244,0.0057621352,"[42, 123, 456, 789, 1001, 2024, 31415, 65537, 77777, 99991]","[0.5568079991095725, 0.5558333770894283, 0.5704454461394511, 0.5543733052965829, 0.5651050204832105, 0.5638700221991354, 0.5552502467827765, 0.5540423027237916, 0.5570640638085831, 0.5535654600876659]"
nslkdd,smotenc_tomek,weighted_f1,0.7499301425,0.0038739651,"[42, 123, 456, 789, 1001, 2024, 31415, 65537, 77777, 99991]","[0.7524808113629186, 0.7464056556608112, 0.7570059159674288, 0.7483528993016607, 0.7508417150627794, 0.7546536896469948, 0.7495554541564142, 0.7443828794076846, 0.7483361164819775, 0.7472862878324995]"
nslkdd,smotenc_tomek,mcc,0.6863440392,0.0037431224,"[42, 123, 456, 789, 1001, 2024, 31415, 65537, 77777, 99991]","[0.6865149517120238, 0.682659111489423, 0.6912918390294033, 0.6882699976698267, 0.6844343269503816, 0.6931491123115785, 0.6869363298052492, 0.6813038485467535, 0.6852598855008936, 0.6836209889885834]"
nslkdd,smotenc_tomek,log_loss,1.5867516889,0.1265082966,"[42, 123, 456, 789, 1001, 2024, 31415, 65537, 77777, 99991]","[1.7698549685705645, 1.7545763900796243, 1.6020512822608852, 1.4785431898187713, 1.6625669213626717, 1.356952059378097, 1.630686983504163, 1.5754003521486288, 1.5033305264364771, 1.533554215312291]"
nslkdd,smotenc_tomek,macro_roc_auc_ovr,0.9507795055,0.0030213412,"[42, 123, 456, 789, 1001, 2024, 31415, 65537, 77777, 99991]","[0.9474572099949278, 0.9522493363851291, 0.9514547882303678, 0.9529739328836472, 0.9456010450489218, 0.9524903596068184, 0.94701526468676, 0.9507065354217765, 0.953953874056913, 0.9538927082930531]"
nslkdd,smotenc_tomek,macro_pr_auc_ovr,0.7259888496,0.0148921171,"[42, 123, 456, 789, 1001, 2024, 31415, 65537, 77777, 99991]","[0.7272430412291224, 0.725786613494553, 0.7394235380876686, 0.729822343724733, 0.7124194269171649, 0.7152031307285414, 0.7056958880506546, 0.7134585849569939, 0.7547700267967223, 0.7360659019231248]"
nslkdd,smotenc_tomek,attack_pr_auc,0.9709752901,0.0023162442,"[42, 123, 456, 789, 1001, 2024, 31415, 65537, 77777, 99991]","[0.9667359148021248, 0.9683177536068448, 0.9714527835147568, 0.9722469149582897, 0.9690219464386396, 0.9739951104002273, 0.9721094834475358, 0.9724015973077719, 0.9703227224452199, 0.9731486737493575]"
nslkdd,smotenc_tomek,default_attack_recall,0.6657211876,0.0055796414,"[42, 123, 456, 789, 1001, 2024, 31415, 65537, 77777, 99991]","[0.6650822099275305, 0.6597054468947245, 0.6766929011143147, 0.666952388373724, 0.6668744642717993, 0.6733421647315515, 0.6630561832774877, 0.6593158263851009, 0.6635237278890361, 0.6626665627678641]"
nslkdd,smotenc_tomek,false_alerts_per_10000_benign,280.0947379261,3.5005111136,"[42, 123, 456, 789, 1001, 2024, 31415, 65537, 77777, 99991]","[277.0054577283493, 281.12449799196787, 280.0947379260632, 277.0054577283493, 277.0054577283493, 281.12449799196787, 275.97569766244465, 283.18401812377715, 281.12449799196787, 287.3030583873957]"
nslkdd,smotenc_tomek,attack_recall_at_validation_1pct_fpr,0.8125146108,0.0211723607,"[42, 123, 456, 789, 1001, 2024, 31415, 65537, 77777, 99991]","[0.8259175563001636, 0.8033195667419933, 0.8340995870022598, 0.8033195667419933, 0.8481259253487103, 0.7863321125224032, 0.8001246785630796, 0.8035533390477675, 0.7875788981531988, 0.8327748772695395]"
nslkdd,smotenc_tomek,attack_precision_at_validation_1pct_fpr,0.9634301183,0.0017586512,"[42, 123, 456, 789, 1001, 2024, 31415, 65537, 77777, 99991]","[0.9629326792041428, 0.9624684903370367, 0.962503371998921, 0.9650814454222055, 0.9612293561776915, 0.9668487113155121, 0.963498170216759, 0.9627485762300438, 0.9652373221277815, 0.9617530597552196]"
nslkdd,smotenc_tomek,test_fpr_at_validation_1pct_fpr,0.0407990938,0.0029570833,"[42, 123, 456, 789, 1001, 2024, 31415, 65537, 77777, 99991]","[0.04201421068890948, 0.041396354649366696, 0.04294099474822367, 0.03841005045824323, 0.04520646689321388, 0.03562969828030069, 0.04005766656369066, 0.0410874266295953, 0.03748326639892905, 0.043764802800947376]"
nslkdd,smotenc_tomek,threshold_false_alerts_per_10000_benign,407.9909381114,29.5708332949,"[42, 123, 456, 789, 1001, 2024, 31415, 65537, 77777, 99991]","[420.14210688909486, 413.96354649366697, 429.40994748223665, 384.1005045824323, 452.06466893213883, 356.2969828030069, 400.5766656369066, 410.874266295953, 374.8326639892905, 437.6480280094738]"
nslkdd,smotenc_tomek_weight,accuracy,0.7916208304,0.0068201653,"[42, 123, 456, 789, 1001, 2024, 31415, 65537, 77777, 99991]","[0.799237047551455, 0.7963537970191625, 0.7957327892122072, 0.7821149751596878, 0.7822924059616749, 0.796708658623137, 0.7863733144073811, 0.7971965933286018, 0.7848651525904897, 0.795333569907736]"
nslkdd,smotenc_tomek_weight,balanced_accuracy,0.5676435573,0.0064523368,"[42, 123, 456, 789, 1001, 2024, 31415, 65537, 77777, 99991]","[0.5768521975800882, 0.5676537864168747, 0.5629918193386806, 0.5687797033326377, 0.5705543494832243, 0.5667619321663389, 0.5673233548771064, 0.5740060150573207, 0.552937619084018, 0.568574795344401]"
nslkdd,smotenc_tomek_weight,macro_precision,0.8300794527,0.0083419063,"[42, 123, 456, 789, 1001, 2024, 31415, 65537, 77777, 99991]","[0.8270977659130127, 0.8392142641771692, 0.8241168096439428, 0.8309379408302577, 0.8349476464015877, 0.8432355679573128, 0.8270967523428355, 0.82169983988782, 0.8164251262388676, 0.8360228136126899]"
nslkdd,smotenc_tomek_weight,macro_recall,0.5676435573,0.0064523368,"[42, 123, 456, 789, 1001, 2024, 31415, 65537, 77777, 99991]","[0.5768521975800882, 0.5676537864168747, 0.5629918193386806, 0.5687797033326377, 0.5705543494832243, 0.5667619321663389, 0.5673233548771064, 0.5740060150573207, 0.552937619084018, 0.568574795344401]"
nslkdd,smotenc_tomek_weight,macro_f1,0.6037362346,0.0082675669,"[42, 123, 456, 789, 1001, 2024, 31415, 65537, 77777, 99991]","[0.6139808085969386, 0.6035135362803575, 0.5940882564636295, 0.6092912176951266, 0.6103585506017702, 0.6036850946030812, 0.6022548487488033, 0.6116003374589509, 0.5872218047605775, 0.6013678905169754]"
nslkdd,smotenc_tomek_weight,weighted_f1,0.7674986920,0.0067273254,"[42, 123, 456, 789, 1001, 2024, 31415, 65537, 77777, 99991]","[0.7769187795075827, 0.7718539426587832, 0.7699700336071844, 0.7596777451705894, 0.7591232432774128, 0.7735569348062544, 0.7618850363324355, 0.7737676617688806, 0.7601297405088677, 0.7681038025632282]"
nslkdd,smotenc_tomek_weight,mcc,0.6981232292,0.0093900905,"[42, 123, 456, 789, 1001, 2024, 31415, 65537, 77777, 99991]","[0.7086146876904328, 0.7046531944244893, 0.703406851693812, 0.6852711701433283, 0.685166916649552, 0.7049764649750672, 0.6910726793690745, 0.7060652464063607, 0.6885477583992854, 0.7034573223864449]"
nslkdd,smotenc_tomek_weight,log_loss,1.4033039599,0.0579116181,"[42, 123, 456, 789, 1001, 2024, 31415, 65537, 77777, 99991]","[1.396954268697257, 1.3983760454094432, 1.4273571855779579, 1.3736175746651924, 1.465143602438686, 1.270818624068082, 1.3843268715273482, 1.4157596629301674, 1.4845646376906878, 1.4161211264113125]"
nslkdd,smotenc_tomek_weight,macro_roc_auc_ovr,0.9479631970,0.0050382934,"[42, 123, 456, 789, 1001, 2024, 31415, 65537, 77777, 99991]","[0.9499759044718756, 0.9530893814739294, 0.9501037084839469, 0.9499826742185962, 0.9360998648507686, 0.9510721753925738, 0.9462066813779074, 0.9483251846005947, 0.9431936332809991, 0.9515827618239603]"
nslkdd,smotenc_tomek_weight,macro_pr_auc_ovr,0.7358724461,0.0152123222,"[42, 123, 456, 789, 1001, 2024, 31415, 65537, 77777, 99991]","[0.7501209897335082, 0.7568166137067771, 0.7457738738076297, 0.7434961425367883, 0.7157851347352189, 0.7286972907163377, 0.7228250393520087, 0.7252604794828799, 0.7184600585987491, 0.7514888385533983]"
nslkdd,smotenc_tomek_weight,attack_pr_auc,0.9559024513,0.0038989417,"[42, 123, 456, 789, 1001, 2024, 31415, 65537, 77777, 99991]","[0.9583412380834564, 0.9594993164920411, 0.946740372955053, 0.9586049496847917, 0.9546311348671999, 0.9580288011207201, 0.9555363592827681, 0.952737781232613, 0.9557800483667103, 0.9591245105942584]"
nslkdd,smotenc_tomek_weight,default_attack_recall,0.6821709655,0.0131521301,"[42, 123, 456, 789, 1001, 2024, 31415, 65537, 77777, 99991]","[0.6987454219590119, 0.6895503779318943, 0.6943816722512273, 0.6627444868697888, 0.6673420088833476, 0.6907192394607652, 0.6734980129354009, 0.6896283020338191, 0.6667186160679498, 0.6883815164030235]"
nslkdd,smotenc_tomek_weight,false_alerts_per_10000_benign,286.1703223149,1.8452861093,"[42, 123, 456, 789, 1001, 2024, 31415, 65537, 77777, 99991]","[288.3328184533004, 287.3030583873957, 284.2137781896818, 284.2137781896818, 287.3030583873957, 288.3328184533004, 285.24353825558643, 286.2732983214911, 287.3030583873957, 283.18401812377715]"
nslkdd,smotenc_tomek_weight,attack_recall_at_validation_1pct_fpr,0.7902439024,0.0104938305,"[42, 123, 456, 789, 1001, 2024, 31415, 65537, 77777, 99991]","[0.7943582950206499, 0.7744097249279202, 0.7936569781033274, 0.7825138315280916, 0.8055014415958857, 0.7850074027896828, 0.8001246785630796, 0.8002026026650043, 0.7762799033741136, 0.7903841658224889]"
nslkdd,smotenc_tomek_weight,attack_precision_at_validation_1pct_fpr,0.9632620289,0.0065866655,"[42, 123, 456, 789, 1001, 2024, 31415, 65537, 77777, 99991]","[0.9636982416335791, 0.9667315175097276, 0.965036952814099, 0.9669715936446798, 0.9636431434697492, 0.9661455835810876, 0.9658545762393002, 0.9447971294507315, 0.9649360712901977, 0.9648054789308476]"
nslkdd,smotenc_tomek_weight,test_fpr_at_validation_1pct_fpr,0.0399135002,0.0078510079,"[42, 123, 456, 789, 1001, 2024, 31415, 65537, 77777, 99991]","[0.03954278653073834, 0.03521779425393883, 0.037998146431881374, 0.035320770260529294, 0.040160642570281124, 0.03635053032643394, 0.03738029039233858, 0.06178560395427865, 0.03727731438574812, 0.038101122438471836]"
nslkdd,smotenc_tomek_weight,threshold_false_alerts_per_10000_benign,399.1350015446,78.5100792076,"[42, 123, 456, 789, 1001, 2024, 31415, 65537, 77777, 99991]","[395.4278653073834, 352.1779425393883, 379.9814643188137, 353.207702605293, 401.60642570281124, 363.50530326433943, 373.8029039233858, 617.8560395427866, 372.7731438574812, 381.01122438471833]"
nslkdd,smotenc_tomek_residual_weight,accuracy,0.7909687722,0.0037563870,"[42, 123, 456, 789, 1001, 2024, 31415, 65537, 77777, 99991]","[0.7967530163236338, 0.7915188076650106, 0.7963981547196594, 0.7869943222143364, 0.7893009226401704, 0.795111781405252, 0.7887242725337118, 0.788458126330731, 0.7873491838183109, 0.7890791341376863]"
nslkdd,smotenc_tomek_residual_weight,balanced_accuracy,0.5580570279,0.0058471140,"[42, 123, 456, 789, 1001, 2024, 31415, 65537, 77777, 99991]","[0.5673503274931063, 0.5575106374229748, 0.5609048067980553, 0.5548794727913599, 0.5603909917605787, 0.5669297085345226, 0.5548995137337221, 0.5560500461756008, 0.5505795054882011, 0.5510752689594232]"
nslkdd,smotenc_tomek_residual_weight,macro_precision,0.8372821453,0.0109386019,"[42, 123, 456, 789, 1001, 2024, 31415, 65537, 77777, 99991]","[0.8251325800854851, 0.8514319365862889, 0.8451602450336896, 0.8212444435232363, 0.8382996908734459, 0.8425896861305763, 0.8456157717440547, 0.820681656090378, 0.8425012562737754, 0.8401641871314565]"
nslkdd,smotenc_tomek_residual_weight,macro_recall,0.5580570279,0.0058471140,"[42, 123, 456, 789, 1001, 2024, 31415, 65537, 77777, 99991]","[0.5673503274931063, 0.5575106374229748, 0.5609048067980553, 0.5548794727913599, 0.5603909917605787, 0.5669297085345226, 0.5548995137337221, 0.5560500461756008, 0.5505795054882011, 0.5510752689594232]"
nslkdd,smotenc_tomek_residual_weight,macro_f1,0.5861838352,0.0061631112,"[42, 123, 456, 789, 1001, 2024, 31415, 65537, 77777, 99991]","[0.5965570723424456, 0.5854868733076699, 0.588814702277967, 0.5817754998442098, 0.5895037447205927, 0.5932160756015751, 0.5838982001140424, 0.5869422769371025, 0.5786266504777111, 0.5770172568446751]"
nslkdd,smotenc_tomek_residual_weight,weighted_f1,0.7620275124,0.0048977363,"[42, 123, 456, 789, 1001, 2024, 31415, 65537, 77777, 99991]","[0.7701542126843516, 0.7637807551037223, 0.769315374046274, 0.7570299993431864, 0.7595191134115622, 0.7657899149612688, 0.7574307323256412, 0.7598402292529828, 0.7590792375887095, 0.7583355553241081]"
nslkdd,smotenc_tomek_residual_weight,mcc,0.6971529640,0.0054674766,"[42, 123, 456, 789, 1001, 2024, 31415, 65537, 77777, 99991]","[0.7055438424642143, 0.6982724760022425, 0.7048234665357652, 0.6912779075264966, 0.694811439728313, 0.7033197298626895, 0.6939056961184187, 0.6933509225511981, 0.6919168478973226, 0.6943073113245265]"
nslkdd,smotenc_tomek_residual_weight,log_loss,1.5472617926,0.0866998440,"[42, 123, 456, 789, 1001, 2024, 31415, 65537, 77777, 99991]","[1.6449291636427943, 1.6390319906571456, 1.6032857903948983, 1.5170461052707376, 1.5953449599721308, 1.360167025502297, 1.58342763449244, 1.4790244872245644, 1.4988793596062282, 1.55148140966547]"
nslkdd,smotenc_tomek_residual_weight,macro_roc_auc_ovr,0.9462762840,0.0041161905,"[42, 123, 456, 789, 1001, 2024, 31415, 65537, 77777, 99991]","[0.9454597957574002, 0.9501185314626918, 0.9484351291114341, 0.9482349847553486, 0.9357244967472178, 0.9502830316242159, 0.945927952652462, 0.9457099875911279, 0.9470150976162666, 0.9458538323034122]"
nslkdd,smotenc_tomek_residual_weight,macro_pr_auc_ovr,0.7271351622,0.0079899133,"[42, 123, 456, 789, 1001, 2024, 31415, 65537, 77777, 99991]","[0.7306529502507444, 0.7334606717050006, 0.733244833667456, 0.7293465929893732, 0.7093615227781619, 0.7287306999903052, 0.7265206879335131, 0.717139153510191, 0.734912003660446, 0.7279825053150442]"
nslkdd,smotenc_tomek_residual_weight,attack_pr_auc,0.9653602753,0.0029874877,"[42, 123, 456, 789, 1001, 2024, 31415, 65537, 77777, 99991]","[0.9604177525958556, 0.9604739429073881, 0.9652001852770028, 0.9662139797643663, 0.9652069204922674, 0.9703301385913254, 0.9654524220224509, 0.9672945582504427, 0.9662181527281012, 0.9667946999117873]"
nslkdd,smotenc_tomek_residual_weight,default_attack_recall,0.6820852490,0.0069508221,"[42, 123, 456, 789, 1001, 2024, 31415, 65537, 77777, 99991]","[0.692199797397335, 0.6803553339047768, 0.6920439491934856, 0.6787189277643575, 0.6803553339047768, 0.6912647081742382, 0.6765370529104652, 0.6761474324008416, 0.674900646770046, 0.6783293072547338]"
nslkdd,smotenc_tomek_residual_weight,false_alerts_per_10000_benign,284.6256822160,4.0672263738,"[42, 123, 456, 789, 1001, 2024, 31415, 65537, 77777, 99991]","[287.3030583873957, 280.0947379260632, 283.18401812377715, 281.12449799196787, 281.12449799196787, 288.3328184533004, 281.12449799196787, 292.45185871691893, 284.2137781896818, 287.3030583873957]"
nslkdd,smotenc_tomek_residual_weight,attack_recall_at_validation_1pct_fpr,0.8138860750,0.0111489394,"[42, 123, 456, 789, 1001, 2024, 31415, 65537, 77777, 99991]","[0.819294007636562, 0.8069040754305307, 0.809631418997896, 0.8062027585132081, 0.8364373100600015, 0.7977869555053378, 0.815319878438401, 0.8165666640691966, 0.8058131380035846, 0.8249045429751423]"
nslkdd,smotenc_tomek_residual_weight,attack_precision_at_validation_1pct_fpr,0.9649551099,0.0014060657,"[42, 123, 456, 789, 1001, 2024, 31415, 65537, 77777, 99991]","[0.9633498259116731, 0.9652311707680835, 0.9654339342129715, 0.9650219195970525, 0.9629496725576389, 0.9670350429772362, 0.9660234512048749, 0.9660735687286808, 0.9654560731957801, 0.9629764395524425]"
nslkdd,smotenc_tomek_residual_weight,test_fpr_at_validation_1pct_fpr,0.0390793945,0.0020886339,"[42, 123, 456, 789, 1001, 2024, 31415, 65537, 77777, 99991]","[0.04119040263618577, 0.03841005045824323, 0.03830707445165277, 0.03861600247142416, 0.042529090721861805, 0.035938626300072087, 0.037895170425290906, 0.037895170425290906, 0.038101122438471836, 0.04191123468231902]"
nslkdd,smotenc_tomek_residual_weight,threshold_false_alerts_per_10000_benign,390.7939450108,20.8863391022,"[42, 123, 456, 789, 1001, 2024, 31415, 65537, 77777, 99991]","[411.9040263618577, 384.1005045824323, 383.07074451652767, 386.16002471424156, 425.2909072186181, 359.3862630007208, 378.95170425290905, 378.95170425290905, 381.01122438471833, 419.1123468231902]"
cicids2017,raw,accuracy,0.6793402963,0.0321872406,"[42, 123, 456]","[0.7003917553626403, 0.6953408840446786, 0.6422882494720901]"
cicids2017,raw,balanced_accuracy,0.6097921638,0.0391727774,"[42, 123, 456]","[0.6354153405208272, 0.6292620887395746, 0.5646990620917521]"
cicids2017,raw,macro_precision,0.8234142547,0.0115245234,"[42, 123, 456]","[0.8309575470822412, 0.8291367484335285, 0.8101484685084676]"
cicids2017,raw,macro_recall,0.6097921638,0.0391727774,"[42, 123, 456]","[0.6354153405208272, 0.6292620887395746, 0.5646990620917521]"
cicids2017,raw,macro_f1,0.5709298125,0.0631236573,"[42, 123, 456]","[0.6118093566712861, 0.6027513384335745, 0.4982287424834941]"
cicids2017,raw,weighted_f1,0.6093316555,0.0548428033,"[42, 123, 456]","[0.6448755095913191, 0.6369492525932292, 0.54617020431821]"
cicids2017,raw,mcc,0.3730796003,0.0779314621,"[42, 123, 456]","[0.423399239187221, 0.41252831943259266, 0.2833112424291783]"
cicids2017,raw,log_loss,3.7490662657,0.1289140833,"[42, 123, 456]","[3.8269591443705835, 3.81997593899367, 3.6002637137898907]"
cicids2017,raw,macro_pr_auc_ovr,0.6597124474,0.0151863134,"[42, 123, 456]","[0.6553470752198696, 0.6471869126452646, 0.6766033542273383]"
cicids2017,raw,attack_pr_auc,0.6840507673,0.0121841458,"[42, 123, 456]","[0.6866093235230537, 0.6707905146273787, 0.6947524637530289]"
cicids2017,raw,default_attack_recall,0.2197621281,0.0783480827,"[42, 123, 456]","[0.2710237675782129, 0.25868830103522394, 0.12957431564811386]"
cicids2017,raw,false_alerts_per_10000_benign,1.7780051908,0.1454837970,"[42, 123, 456]","[1.9308653655852213, 1.641235560747438, 1.7619146460965143]"
cicids2017,raw,attack_recall_at_validation_1pct_fpr,0.3089012182,0.0067147830,"[42, 123, 456]","[0.3146547696098961, 0.30152324321705093, 0.3105256417799898]"
cicids2017,raw,attack_precision_at_validation_1pct_fpr,0.8739637545,0.0094860639,"[42, 123, 456]","[0.8770706105949659, 0.8633138440194232, 0.8815068089370984]"
cicids2017,raw,test_fpr_at_validation_1pct_fpr,0.0310507287,0.0021071121,"[42, 123, 456]","[0.03075385811035861, 0.033290532484396194, 0.02910779538619721]"
cicids2017,raw,threshold_false_alerts_per_10000_benign,310.5072866032,21.0711212344,"[42, 123, 456]","[307.5385811035861, 332.9053248439619, 291.0779538619721]"
cicids2017,raw_weight,accuracy,0.6935506118,0.0029277440,"[42, 123, 456]","[0.6952968026790094, 0.6901705664455489, 0.69518446629553]"
cicids2017,raw_weight,balanced_accuracy,0.6270962273,0.0035647852,"[42, 123, 456]","[0.6292236306750414, 0.6229807540507162, 0.6290842971784656]"
cicids2017,raw_weight,macro_precision,0.8283113410,0.0010702318,"[42, 123, 456]","[0.8289342423502608, 0.8270755572563226, 0.8289242232702658]"
cicids2017,raw_weight,macro_recall,0.6270962273,0.0035647852,"[42, 123, 456]","[0.6292236306750414, 0.6229807540507162, 0.6290842971784656]"
cicids2017,raw_weight,macro_f1,0.5995319556,0.0053291764,"[42, 123, 456]","[0.6027130633495108, 0.5933795450273097, 0.6025032583030401]"
cicids2017,raw_weight,weighted_f1,0.6341317099,0.0046574380,"[42, 123, 456]","[0.6369115526191119, 0.6287547990874884, 0.6367287778526248]"
cicids2017,raw_weight,mcc,0.4085232909,0.0064138167,"[42, 123, 456]","[0.41234003952972914, 0.4011184297084379, 0.4121114033162146]"
cicids2017,raw_weight,log_loss,3.8007216314,0.1094366643,"[42, 123, 456]","[3.898434802383159, 3.8212587464084335, 3.6824713454400966]"
cicids2017,raw_weight,macro_pr_auc_ovr,0.6403726527,0.0182521491,"[42, 123, 456]","[0.6212067669233384, 0.6575478655077809, 0.6423633256896121]"
cicids2017,raw_weight,attack_pr_auc,0.6773416056,0.0138306900,"[42, 123, 456]","[0.6622574382548709, 0.6894266956800441, 0.6803406827361211]"
cicids2017,raw_weight,default_attack_recall,0.2544161132,0.0071373534,"[42, 123, 456]","[0.25868137877565994, 0.2461763168733538, 0.25839064387397337]"
cicids2017,raw_weight,false_alerts_per_10000_benign,2.2365857151,0.0975437434,"[42, 123, 456]","[2.3411742557720805, 2.1480877192135583, 2.2204951704230043]"
cicids2017,raw_weight,attack_recall_at_validation_1pct_fpr,0.3716065065,0.0282383104,"[42, 123, 456]","[0.3787410486531013, 0.34048518117283844, 0.3955932895615787]"
cicids2017,raw_weight,attack_precision_at_validation_1pct_fpr,0.8985896057,0.0203254028,"[42, 123, 456]","[0.9013533438218166, 0.877023750089152, 0.9173917231194015]"
cicids2017,raw_weight,test_fpr_at_validation_1pct_fpr,0.0290128612,0.0042272127,"[42, 123, 456]","[0.02890505452281076, 0.033292946066103175, 0.02484058292825387]"
cicids2017,raw_weight,threshold_false_alerts_per_10000_benign,290.1286117239,42.2721271748,"[42, 123, 456]","[289.0505452281076, 332.9294606610318, 248.4058292825387]"
cicids2017,random_over,accuracy,0.6972250069,0.0109579898,"[42, 123, 456]","[0.7036409786063178, 0.684572233005567, 0.7034618091845658]"
cicids2017,random_over,balanced_accuracy,0.6315636422,0.0133374988,"[42, 123, 456]","[0.6393717763928932, 0.6161633298825818, 0.6391558203127783]"
cicids2017,random_over,macro_precision,0.8297685601,0.0040712839,"[42, 123, 456]","[0.8321648900123111, 0.8250677454929801, 0.8320730448341331]"
cicids2017,random_over,macro_recall,0.6315636422,0.0133374988,"[42, 123, 456]","[0.6393717763928932, 0.6161633298825818, 0.6391558203127783]"
cicids2017,random_over,macro_f1,0.6059395445,0.0198552858,"[42, 123, 456]","[0.617557583782472, 0.5830133332417524, 0.6172477163573642]"
cicids2017,random_over,weighted_f1,0.6397532242,0.0173598740,"[42, 123, 456]","[0.6499117445871484, 0.6197083844475456, 0.6496395435469132]"
cicids2017,random_over,mcc,0.4162986716,0.0239508460,"[42, 123, 456]","[0.4303227197179615, 0.38864354750278923, 0.4299297475525778]"
cicids2017,random_over,log_loss,3.9115847734,0.2843891744,"[42, 123, 456]","[3.927318399622589, 4.1877805277797036, 3.61965539270335]"
cicids2017,random_over,macro_pr_auc_ovr,0.6032695556,0.0220861989,"[42, 123, 456]","[0.606627112180528, 0.579696821671173, 0.6234847328285666]"
cicids2017,random_over,attack_pr_auc,0.6427501015,0.0118331903,"[42, 123, 456]","[0.6474491085775694, 0.6292891673209143, 0.651512028619388]"
cicids2017,random_over,default_attack_recall,0.2633308298,0.0266819261,"[42, 123, 456]","[0.27894629364917295, 0.23252215988342914, 0.278524035815771]"
cicids2017,random_over,false_alerts_per_10000_benign,2.0354539062,0.0847622039,"[42, 123, 456]","[2.027408633864482, 1.9550011826550364, 2.123951902143743]"
cicids2017,random_over,attack_recall_at_validation_1pct_fpr,0.3049093819,0.0046388906,"[42, 123, 456]","[0.3098437992129391, 0.30063719399286315, 0.3042471523554719]"
cicids2017,random_over,attack_precision_at_validation_1pct_fpr,0.9148284397,0.0388936627,"[42, 123, 456]","[0.9239732884700734, 0.872177204767499, 0.9483348257149946]"
cicids2017,random_over,test_fpr_at_validation_1pct_fpr,0.0200206603,0.0097778812,"[42, 123, 456]","[0.017778442853625925, 0.03072489512987483, 0.01155864279473453]"
cicids2017,random_over,threshold_false_alerts_per_10000_benign,200.2066025941,97.7788122830,"[42, 123, 456]","[177.78442853625924, 307.2489512987483, 115.5864279473453]"
cicids2017,smotenc,accuracy,0.7042396320,0.0005735480,"[42, 123, 456]","[0.7044344431883626, 0.7035940532815733, 0.7046903995051511]"
cicids2017,smotenc,balanced_accuracy,0.6401202476,0.0006998998,"[42, 123, 456]","[0.6403578587895291, 0.6393324760687655, 0.6406704080179827]"
cicids2017,smotenc,macro_precision,0.8321694270,0.0001983481,"[42, 123, 456]","[0.8322380080607639, 0.831945889346458, 0.8323243834750749]"
cicids2017,smotenc,macro_recall,0.6401202476,0.0006998998,"[42, 123, 456]","[0.6403578587895291, 0.6393324760687655, 0.6406704080179827]"
cicids2017,smotenc,macro_f1,0.6186592915,0.0010118638,"[42, 123, 456]","[0.6190030403861944, 0.6175203358731907, 0.6194544980957384]"
cicids2017,smotenc,weighted_f1,0.6508722631,0.0008866448,"[42, 123, 456]","[0.651173476171488, 0.649874253451235, 0.6515690595481545]"
cicids2017,smotenc,mcc,0.4314789086,0.0012069144,"[42, 123, 456]","[0.43188987216607494, 0.430120181732922, 0.4324266717850013]"
cicids2017,smotenc,log_loss,3.6668137894,0.1387176502,"[42, 123, 456]","[3.744182971369687, 3.7495915124414076, 3.506666884323097]"
cicids2017,smotenc,macro_pr_auc_ovr,0.6181125454,0.0267781472,"[42, 123, 456]","[0.6025072831381915, 0.602797520647429, 0.6490328323722117]"
cicids2017,smotenc,attack_pr_auc,0.6724777092,0.0118271062,"[42, 123, 456]","[0.666703134099683, 0.6646472006421091, 0.68608279287567]"
cicids2017,smotenc,default_attack_recall,0.2805349522,0.0014084885,"[42, 123, 456]","[0.2810125881290171, 0.27894975477895495, 0.2816425137493381]"
cicids2017,smotenc,false_alerts_per_10000_benign,2.9445696825,0.0870229260,"[42, 123, 456]","[2.9687054995872777, 2.848026414238201, 3.016977133726908]"
cicids2017,smotenc,attack_recall_at_validation_1pct_fpr,0.4353385966,0.0112889672,"[42, 123, 456]","[0.42501981496800184, 0.4335999556975388, 0.44739601900852477]"
cicids2017,smotenc,attack_precision_at_validation_1pct_fpr,0.9517499487,0.0115187394,"[42, 123, 456]","[0.9554034077647242, 0.9388475460329594, 0.960998892267432]"
cicids2017,smotenc,test_fpr_at_validation_1pct_fpr,0.0153970422,0.0037679167,"[42, 123, 456]","[0.013834650344418109, 0.019694826728969255, 0.012661649634825087]"
cicids2017,smotenc,threshold_false_alerts_per_10000_benign,153.9704223607,37.6791670910,"[42, 123, 456]","[138.3465034441811, 196.94826728969255, 126.61649634825088]"
cicids2017,smotenc_tomek,accuracy,0.7042026605,0.0004955736,"[42, 123, 456]","[0.7045112300833991, 0.7036310247495539, 0.7044657267381922]"
cicids2017,smotenc_tomek,balanced_accuracy,0.6400749038,0.0006072782,"[42, 123, 456]","[0.6404513092936427, 0.6393743281117064, 0.640399073861356]"
cicids2017,smotenc_tomek,macro_precision,0.8321592438,0.0001442420,"[42, 123, 456]","[0.8322674251925894, 0.8319954792155024, 0.8322148269051752]"
cicids2017,smotenc_tomek,macro_recall,0.6400749038,0.0006072782,"[42, 123, 456]","[0.6404513092936427, 0.6393743281117064, 0.640399073861356]"
cicids2017,smotenc_tomek,macro_f1,0.6185936449,0.0008808584,"[42, 123, 456]","[0.6191377218409287, 0.6175773640175339, 0.6190658488100891]"
cicids2017,smotenc_tomek,weighted_f1,0.6508147893,0.0007711551,"[42, 123, 456]","[0.6512915706011104, 0.6499251000511512, 0.6512276971595284]"
cicids2017,smotenc_tomek,mcc,0.4314026223,0.0010284551,"[42, 123, 456]","[0.43205275096416956, 0.43021690739339663, 0.4319382086386769]"
cicids2017,smotenc_tomek,log_loss,3.6734555997,0.2134370742,"[42, 123, 456]","[3.6667692670138208, 3.8901572774674467, 3.4634402547043703]"
cicids2017,smotenc_tomek,macro_pr_auc_ovr,0.6305434950,0.0324298106,"[42, 123, 456]","[0.611477938680739, 0.6121644291707321, 0.6679881172193762]"
cicids2017,smotenc_tomek,attack_pr_auc,0.6747661309,0.0067451485,"[42, 123, 456]","[0.6671233168766996, 0.6772884710804115, 0.6798866046607634]"
cicids2017,smotenc_tomek,default_attack_recall,0.2804426554,0.0012337621,"[42, 123, 456]","[0.2811994891372442, 0.27901897737459463, 0.2811094997629126]"
cicids2017,smotenc_tomek,false_alerts_per_10000_benign,2.9284791378,0.2080912456,"[42, 123, 456]","[2.9687054995872777, 2.7032115118193096, 3.113520402006169]"
cicids2017,smotenc_tomek,attack_recall_at_validation_1pct_fpr,0.4302334301,0.0122046397,"[42, 123, 456]","[0.42752567293015786, 0.4435645483398691, 0.41961006911876175]"
cicids2017,smotenc_tomek,attack_precision_at_validation_1pct_fpr,0.9488128920,0.0195986917,"[42, 123, 456]","[0.9606402090478524, 0.9261901148378611, 0.9596083521980718]"
cicids2017,smotenc_tomek,test_fpr_at_validation_1pct_fpr,0.0163938515,0.0071501360,"[42, 123, 456]","[0.012215137019033505, 0.02464990997340233, 0.01231650745072673]"
cicids2017,smotenc_tomek,threshold_false_alerts_per_10000_benign,163.9385148105,71.5013603807,"[42, 123, 456]","[122.15137019033506, 246.4990997340233, 123.16507450726729]"
cicids2017,smotenc_tomek_weight,accuracy,0.7052933188,0.0006539668,"[42, 123, 456]","[0.705432672823838, 0.705866376582841, 0.704580907080747]"
cicids2017,smotenc_tomek_weight,balanced_accuracy,0.6414207537,0.0007971945,"[42, 123, 456]","[0.6415920949823929, 0.6421183459520329, 0.6405518201944264]"
cicids2017,smotenc_tomek_weight,macro_precision,0.8323717796,0.0002379239,"[42, 123, 456]","[0.8324060170489475, 0.8325907299047305, 0.8321185917033915]"
cicids2017,smotenc_tomek_weight,macro_recall,0.6414207537,0.0007971945,"[42, 123, 456]","[0.6415920949823929, 0.6421183459520329, 0.6405518201944264]"
cicids2017,smotenc_tomek_weight,macro_f1,0.6205511761,0.0011476311,"[42, 123, 456]","[0.6208000283433515, 0.6215539640106915, 0.619299535800477]"
cicids2017,smotenc_tomek_weight,weighted_f1,0.6525263903,0.0010061507,"[42, 123, 456]","[0.6527441185730961, 0.6534058504580619, 0.6514292017926794]"
cicids2017,smotenc_tomek_weight,mcc,0.4336084756,0.0013774818,"[42, 123, 456]","[0.43389429283507974, 0.4348206269856093, 0.432110507089662]"
cicids2017,smotenc_tomek_weight,log_loss,3.7402275751,0.1698644424,"[42, 123, 456]","[3.8133372312956864, 3.546049263931388, 3.8612962300265643]"
cicids2017,smotenc_tomek_weight,macro_pr_auc_ovr,0.6259183694,0.0354488364,"[42, 123, 456]","[0.5899014001770246, 0.6607703527997948, 0.6270833552216644]"
cicids2017,smotenc_tomek_weight,attack_pr_auc,0.6815888423,0.0052403801,"[42, 123, 456]","[0.6755447355154163, 0.6848622202389263, 0.6843595710418782]"
cicids2017,smotenc_tomek_weight,default_attack_recall,0.2832196352,0.0016004398,"[42, 123, 456]","[0.28357036303790284, 0.2846156242320618, 0.28147291839002087]"
cicids2017,smotenc_tomek_weight,false_alerts_per_10000_benign,3.7812780076,0.0847622039,"[42, 123, 456]","[3.8617307311704425, 3.7893232799609966, 3.6927800116817355]"
cicids2017,smotenc_tomek_weight,attack_recall_at_validation_1pct_fpr,0.4488935345,0.0068562398,"[42, 123, 456]","[0.446094634210499, 0.4567064581220602, 0.4438795111500296]"
cicids2017,smotenc_tomek_weight,attack_precision_at_validation_1pct_fpr,0.9305739254,0.0122379361,"[42, 123, 456]","[0.9447046492366105, 0.9234133676704199, 0.9236037593172735]"
cicids2017,smotenc_tomek_weight,test_fpr_at_validation_1pct_fpr,0.0234085244,0.0045219504,"[42, 123, 456]","[0.018208060397468636, 0.026414238201205826, 0.025603274747660033]"
cicids2017,smotenc_tomek_weight,threshold_false_alerts_per_10000_benign,234.0852444878,45.2195037483,"[42, 123, 456]","[182.08060397468637, 264.14238201205825, 256.0327474766003]"
cicids2017,smotenc_tomek_residual_weight,accuracy,0.7046543760,0.0001030355,"[42, 123, 456]","[0.7045354037355402, 0.7047131511777546, 0.7047145731572922]"
cicids2017,smotenc_tomek_residual_weight,balanced_accuracy,0.6406274400,0.0001216175,"[42, 123, 456]","[0.6404870141852397, 0.640696525734126, 0.6406987800730546]"
cicids2017,smotenc_tomek_residual_weight,macro_precision,0.8323008035,0.0000817879,"[42, 123, 456]","[0.832206412560423, 0.8323506506904337, 0.8323453471654544]"
cicids2017,smotenc_tomek_residual_weight,macro_recall,0.6406274400,0.0001216175,"[42, 123, 456]","[0.6404870141852397, 0.640696525734126, 0.6406987800730546]"
cicids2017,smotenc_tomek_residual_weight,macro_f1,0.6193935398,0.0001711070,"[42, 123, 456]","[0.619195974655387, 0.6194904162644329, 0.6194942284368996]"
cicids2017,smotenc_tomek_residual_weight,weighted_f1,0.6515153704,0.0001510639,"[42, 123, 456]","[0.6513409466667598, 0.6516009817316176, 0.6516041827580984]"
cicids2017,smotenc_tomek_residual_weight,mcc,0.4323452709,0.0002401323,"[42, 123, 456]","[0.4320679899914073, 0.4324839043368904, 0.43248391835597877]"
cicids2017,smotenc_tomek_residual_weight,log_loss,3.9278906696,0.0327787344,"[42, 123, 456]","[3.9330144547222363, 3.892851776701314, 3.957805777323516]"
cicids2017,smotenc_tomek_residual_weight,macro_pr_auc_ovr,0.5978999628,0.0011663421,"[42, 123, 456]","[0.5965748483576092, 0.5983541751059533, 0.5987708650265173]"
cicids2017,smotenc_tomek_residual_weight,attack_pr_auc,0.6704979870,0.0054393772,"[42, 123, 456]","[0.6766350396916232, 0.6662721955396315, 0.6685867257731908]"
cicids2017,smotenc_tomek_residual_weight,default_attack_recall,0.2815606003,0.0002258326,"[42, 123, 456]","[0.2812998619009217, 0.28168750843650386, 0.2816944306960678]"
cicids2017,smotenc_tomek_residual_weight,false_alerts_per_10000_benign,3.0572034955,0.1746028002,"[42, 123, 456]","[3.258335304425061, 2.944569682517462, 2.9687054995872777]"
cicids2017,smotenc_tomek_residual_weight,attack_recall_at_validation_1pct_fpr,0.4320897494,0.0161853654,"[42, 123, 456]","[0.43349958293386126, 0.44752408081045814, 0.41524558446368065]"
cicids2017,smotenc_tomek_residual_weight,attack_precision_at_validation_1pct_fpr,0.9448586832,0.0154272595,"[42, 123, 456]","[0.9519495325682147, 0.927160865636966, 0.9554656515298727]"
cicids2017,smotenc_tomek_residual_weight,test_fpr_at_validation_1pct_fpr,0.0177575251,0.0059199336,"[42, 123, 456]","[0.01525866355153721, 0.024517162979518347, 0.013496748905440696]"
cicids2017,smotenc_tomek_residual_weight,threshold_false_alerts_per_10000_benign,177.5752514550,59.1993357567,"[42, 123, 456]","[152.5866355153721, 245.17162979518346, 134.96748905440697]"
